topology,seed,flow,prio,hops,bound_us,observed_us,deadline_us
ls-small,0,0,0,2,30.4413,5.1040,467.2937
ls-small,0,1,1,4,395.6903,60.9271,922.7568
ls-small,0,2,1,4,472.9655,57.3279,648.1450
ls-small,0,3,1,4,436.7538,59.0581,974.2950
ls-small,0,4,1,4,358.0846,48.3520,1707.5417
ls-small,0,5,0,4,97.3854,18.9121,344.7588
ls-small,0,6,1,4,518.3833,43.0400,1875.5285
ls-small,0,7,1,4,360.8212,34.6610,620.6687
ls-small,0,8,1,4,481.8650,58.7751,1326.9009
ls-small,0,9,1,4,497.4297,61.9542,1167.4835
ls-small,0,10,1,4,523.0655,27.9040,784.0870
ls-small,0,11,1,4,549.2086,66.1573,603.6279
ls-small,0,12,1,4,493.3653,61.1206,1756.7978
ls-small,0,13,1,4,589.0044,39.2953,1369.5425
ls-small,0,14,1,4,442.1829,62.2199,986.4873
ls-small,0,15,1,4,524.3120,41.6831,524.3135
ls-small,0,16,1,4,488.5660,45.8279,1139.1967
ls-small,0,17,1,2,170.8103,38.5681,1725.6805
ls-small,0,18,0,4,118.8894,20.4705,256.4838
ls-small,0,19,0,4,65.2300,6.2080,387.2453
ls-small,0,20,1,4,596.8614,40.0458,1430.9000
ls-small,0,21,0,4,77.2439,17.0465,274.4275
ls-small,0,22,1,4,370.9250,49.6355,799.0337
ls-small,0,23,1,4,435.2550,59.1877,1949.8234
ls-small,0,24,1,4,233.7800,32.2214,1395.1871
ls-small,0,25,0,4,64.3890,11.6160,359.5734
ls-small,0,26,0,4,61.2928,11.6800,396.6298
ls-small,0,27,1,4,623.5826,55.3147,1028.3383
ls-small,0,28,1,4,315.6665,71.5840,1082.0259
ls-small,0,29,0,4,87.5608,7.6160,164.0319
ls-small,0,30,1,4,296.2073,48.6720,1103.4006
ls-small,0,31,1,4,578.5575,55.8490,1168.0283
ls-small,0,32,1,2,103.2268,29.7070,1825.8127
ls-small,0,33,1,4,684.7435,50.1280,782.0019
ls-small,0,34,1,2,112.2277,23.8640,505.0892
ls-small,0,35,1,4,467.7118,42.1120,678.3558
ls-small,0,36,0,2,30.8081,7.1167,441.5752
ls-small,0,37,0,4,85.7928,9.7280,153.3682
ls-small,0,38,0,4,72.6918,17.6779,116.9190
ls-small,0,39,1,2,116.1179,27.5371,1769.5399
ls-small,0,40,1,2,180.0591,36.1760,1058.6739
ls-small,0,41,0,4,82.3285,23.2158,155.3828
ls-small,0,42,1,4,455.9658,59.8661,1669.1254
ls-small,0,43,0,4,53.8542,15.7596,244.3626
ls-small,0,44,0,4,85.7913,11.3152,473.5016
ls-small,0,45,1,2,108.5771,45.1425,1104.7537
ls-small,0,46,1,4,333.9245,30.6929,1005.6208
ls-small,0,47,1,4,513.6435,59.0502,556.7366
ls-small,0,48,1,4,379.2512,40.5120,598.7520
ls-small,0,49,1,4,435.7630,21.9840,647.1148
ls-small,0,50,0,2,44.6459,5.0240,269.2152
ls-small,0,51,1,4,469.2111,59.2737,787.9175
ls-small,0,52,1,2,222.9928,36.1280,1628.6576
ls-small,0,53,1,4,395.3553,36.8193,1995.5607
ls-small,0,54,0,4,68.7180,26.6056,318.5565
ls-small,0,55,1,2,170.8726,25.9760,1457.5453
ls-small,0,56,1,4,371.7346,75.3328,1997.2746
ls-small,0,57,1,4,358.0846,41.5325,1558.3906
ls-small,0,58,0,4,55.9822,11.6861,436.9333
ls-small,0,59,1,4,602.2892,46.4320,1699.9187
ls-small,0,60,0,4,74.6262,15.5627,106.1141
ls-small,0,61,1,2,176.5541,48.6216,1952.8974
ls-small,0,62,1,4,587.5151,52.1807,1517.8570
ls-small,0,63,1,4,726.8257,66.9441,1303.1245
ls-small,0,64,1,4,612.9049,35.7760,1776.9749
ls-small,0,65,1,4,467.7118,36.3600,598.4313
ls-small,0,66,1,2,161.4411,16.5860,745.6931
ls-small,0,67,0,4,54.6369,8.7680,292.5322
ls-small,0,68,1,4,373.5494,62.0605,1715.4327
ls-small,0,69,0,2,31.8893,7.6950,118.8132
ls-small,0,70,0,4,96.3315,22.7350,351.9865
ls-small,0,71,1,4,497.4297,56.7182,666.4954
ls-small,0,72,1,4,354.5887,59.7970,1954.2281
ls-small,0,73,1,4,462.1315,40.6160,1875.3311
ls-small,0,77,1,2,245.1565,34.9034,1138.9554
ls-small,0,78,1,4,578.5575,93.5862,594.3842
ls-small,0,79,1,4,416.2994,35.2246,1529.6272
ls-small,0,81,1,2,168.4511,14.7200,766.8615
ls-small,0,82,0,4,64.5385,23.8552,181.9163
ls-small,0,86,0,4,99.5100,7.7913,162.5612
ls-small,0,89,1,2,112.2277,19.0080,1386.6148
ls-small,0,91,1,4,816.2391,28.1540,1161.9461
ls-small,0,93,1,4,594.2320,39.6114,1651.4611
ls-small,0,94,0,4,65.9331,9.7600,242.1470
ls-small,0,97,1,4,737.8693,63.6756,920.1326
ls-small,0,99,1,2,136.5503,31.4541,1030.7330
ls-small,0,101,0,2,33.0363,4.2080,329.5927
ls-small,0,105,0,4,68.9985,10.0480,297.0879
ls-small,0,112,1,2,170.8313,16.3680,1158.9081
ls-small,0,117,1,4,596.8614,32.2812,744.2863
ls-small,0,121,0,4,74.6262,37.4753,175.1140
ls-small,0,124,0,4,118.8894,11.2781,118.9874
ls-small,0,127,0,4,95.3964,30.7070,188.0202
ls-small,0,132,1,4,677.3544,46.9180,677.3665
ls-small,0,133,0,4,95.5433,34.4429,188.6232
ls-small,0,135,1,4,537.6246,67.6988,1050.4809
ls-small,0,144,0,2,31.7601,5.3600,392.9255
ls-small,0,151,0,4,99.4355,25.8690,478.3832
ls-small,0,160,1,4,673.6999,47.3280,673.9931
ls-small,0,169,1,2,186.1019,22.6192,1687.2707
ls-small,0,172,1,2,156.8456,25.8605,1596.3789
ls-small,0,181,1,4,827.2827,92.1938,1088.9729
ls-small,0,183,0,4,74.6262,43.0947,391.9236
ls-small,0,184,1,4,816.2391,42.7553,1017.0475
ls-small,0,185,0,4,111.3854,16.6818,420.0802
ls-small,0,190,1,4,645.4929,65.1022,1719.4431
ls-small,0,196,1,4,562.5103,25.2400,785.7402
ls-small,0,218,1,2,252.9901,15.1964,1585.1847
ls-small,0,223,0,2,28.9919,7.9575,459.9433
ls-small,0,226,0,4,93.8814,12.3188,479.4849
ls-small,0,228,0,2,37.1419,17.4638,338.3144
ls-small,0,232,1,2,189.3119,11.2640,1741.2310
ls-small,0,235,1,4,674.6722,63.0320,1001.7921
ls-small,0,236,0,4,90.1349,19.7317,433.2640
ls-small,0,237,1,2,228.6700,17.7440,844.6560
ls-small,0,248,1,4,685.3506,56.6513,916.1178
ls-small,0,252,1,4,685.3506,45.2064,1207.6491
ls-small,0,262,0,4,92.0060,33.5975,323.8393
ls-small,0,279,1,2,82.6525,13.4400,531.9172
ls-small,0,291,0,4,97.3854,20.9337,232.6324
ls-small,0,329,1,2,199.9822,29.7760,1607.5084
ls-small,0,337,1,2,82.6525,12.5920,1529.3999
ls-small,0,340,0,4,118.8894,13.7494,455.3420
ls-small,0,357,0,4,95.5433,33.5956,207.7046
ls-small,0,387,0,4,85.3549,17.0037,237.7293
ls-small,0,419,0,2,37.1419,16.5765,435.9078
ls-small,0,453,1,2,199.9822,15.0880,1218.2531
ls-small,0,473,0,2,32.1241,4.1120,498.3008
ls-small,0,483,1,4,439.2695,44.2485,884.9122
ls-small,0,629,1,2,245.3348,18.4534,1070.0516
ls-small,0,721,0,2,37.8940,3.9520,424.8946
ls-small,0,755,0,2,27.1434,3.9200,124.5867
ls-small,0,868,1,2,245.3348,36.0236,1169.3002
ls-small,0,949,1,2,199.9822,15.6960,1311.2445
ls-small,1,0,1,4,406.1842,55.2800,676.8781
ls-small,1,1,1,4,350.4118,45.8240,1231.7850
ls-small,1,2,1,2,210.3526,32.8400,899.4958
ls-small,1,3,1,4,533.4829,51.4404,533.4832
ls-small,1,4,1,4,546.2019,45.3680,1588.7789
ls-small,1,5,1,4,589.8612,56.7659,1018.5506
ls-small,1,6,1,4,542.4239,63.3120,1756.3670
ls-small,1,7,0,4,72.0447,17.2731,397.2587
ls-small,1,8,1,4,638.9537,70.7181,926.2391
ls-small,1,9,1,2,261.6079,36.9680,864.1100
ls-small,1,10,1,2,210.3526,16.0000,1158.4424
ls-small,1,11,1,4,589.7943,51.5299,1234.5403
ls-small,1,12,0,4,72.5820,13.7643,358.8625
ls-small,1,13,0,4,69.3886,10.2148,261.7819
ls-small,1,14,1,4,381.7235,54.0143,1075.5344
ls-small,1,15,1,4,516.6480,50.6960,1924.5789
ls-small,1,16,1,4,551.0889,34.1120,1720.0273
ls-small,1,17,0,2,28.0727,5.2320,283.2587
ls-small,1,18,1,4,377.4206,39.4041,1697.6584
ls-small,1,19,1,4,570.4088,53.2900,1802.1171
ls-small,1,20,1,4,549.2876,50.3579,664.2329
ls-small,1,21,1,4,475.2022,36.0017,882.8242
ls-small,1,22,1,2,186.0359,27.2947,1244.7405
ls-small,1,23,1,2,200.1942,15.6160,887.6312
ls-small,1,24,1,4,530.1133,72.8160,838.0610
ls-small,1,25,0,4,78.7019,11.4307,317.8809
ls-small,1,26,1,4,569.4235,55.5368,1512.3539
ls-small,1,27,0,2,38.4260,8.2960,450.2137
ls-small,1,28,1,4,500.6052,34.2813,1124.2584
ls-small,1,29,0,4,81.3313,6.3360,484.8805
ls-small,1,30,0,4,85.5280,25.6527,251.1875
ls-small,1,31,0,4,74.2701,11.5520,296.9403
ls-small,1,32,1,4,407.9700,37.6484,1849.5174
ls-small,1,33,0,4,71.7728,9.7743,235.6383
ls-small,1,34,1,2,156.8321,34.5680,1871.6670
ls-small,1,35,1,2,175.3060,23.7574,1588.1978
ls-small,1,36,0,2,36.3908,12.2545,403.6465
ls-small,1,37,1,2,253.2966,37.8363,670.8694
ls-small,1,38,0,4,70.5759,18.5853,115.6551
ls-small,1,39,1,4,431.6324,68.1743,1011.3462
ls-small,1,40,1,2,217.3560,16.1920,1348.9498
ls-small,1,41,1,4,516.0463,47.0800,1845.1391
ls-small,1,42,1,2,194.9880,32.4905,1120.3017
ls-small,1,43,0,4,61.1279,10.8480,146.2233
ls-small,1,44,0,2,33.7056,8.2062,422.5949
ls-small,1,45,1,4,561.6619,53.1200,650.1937
ls-small,1,46,0,4,78.6279,14.8283,279.9378
ls-small,1,47,0,2,38.1774,4.3200,144.5449
ls-small,1,48,1,4,516.4718,44.4480,774.8341
ls-small,1,49,0,2,28.6366,9.7775,135.7659
ls-small,1,50,1,4,590.0764,41.0560,1085.7178
ls-small,1,51,1,4,454.6103,34.8936,1001.5001
ls-small,1,52,1,2,242.4805,21.7240,530.5610
ls-small,1,53,0,4,71.5735,25.0334,108.6056
ls-small,1,54,1,4,469.6875,43.2139,1793.9735
ls-small,1,55,1,2,121.1902,23.0240,1263.9051
ls-small,1,56,1,4,461.2969,45.9512,660.3166
ls-small,1,57,0,4,69.8157,10.9419,411.8974
ls-small,1,58,1,2,199.9180,22.2240,948.3896
ls-small,1,59,0,4,72.5790,11.4880,411.1106
ls-small,1,60,1,2,223.4801,27.2960,516.2998
ls-small,1,61,0,4,70.5335,12.7710,490.5248
ls-small,1,62,1,2,191.7470,19.4880,707.7437
ls-small,1,63,1,4,575.1118,48.0922,1228.9951
ls-small,1,64,1,4,599.0541,52.3911,857.5620
ls-small,1,65,1,2,162.6974,31.4960,1340.6112
ls-small,1,66,0,2,39.1136,8.2213,163.7871
ls-small,1,67,0,2,28.6366,4.2400,166.0715
ls-small,1,68,1,4,590.0764,49.3760,733.6688
ls-small,1,69,1,4,326.5943,53.4400,1522.4547
ls-small,1,70,1,2,171.6406,12.6880,1711.9156
ls-small,1,71,1,4,461.8360,22.7200,1167.5881
ls-small,1,72,1,4,614.4221,83.5076,747.1313
ls-small,1,73,0,2,43.5845,5.0080,272.5042
ls-small,1,74,1,4,593.5554,51.0400,872.3246
ls-small,1,75,1,4,546.2019,37.3607,546.2126
ls-small,1,76,1,4,568.7273,33.9918,722.6157
ls-small,1,77,1,2,156.8321,32.6000,1686.6361
ls-small,1,78,1,4,545.6755,64.2660,1355.8169
ls-small,1,79,0,4,68.7452,10.8057,327.7234
ls-small,1,80,0,4,66.9274,17.6566,130.0734
ls-small,1,81,1,4,381.7235,52.1360,501.2671
ls-small,1,82,1,4,443.7224,46.0800,1674.6310
ls-small,1,83,0,2,40.3803,4.5600,322.7554
ls-small,1,84,0,4,75.4437,28.4664,474.9906
ls-small,1,85,1,2,83.2915,30.4160,1289.2860
ls-small,1,86,1,4,493.5647,43.7340,1239.0531
ls-small,1,87,1,2,206.3446,23.9840,1673.7105
ls-small,1,88,1,4,553.1069,53.8464,1868.9898
ls-small,1,89,1,4,448.4375,51.7932,754.4329
ls-small,1,90,0,4,73.3688,6.8480,127.9017
ls-small,1,91,0,4,64.9368,10.1760,376.1790
ls-small,1,92,1,4,379.4415,26.8160,1829.0379
ls-small,1,93,0,4,76.1094,10.3040,287.1747
ls-small,1,94,0,4,68.1545,16.7352,242.3406
ls-small,1,95,1,4,614.4221,38.6381,1800.0768
ls-small,1,96,0,4,72.6713,14.3564,437.5170
ls-small,1,97,1,4,485.6043,41.6800,784.8513
ls-small,1,99,1,4,580.1456,60.6000,964.6428
ls-small,1,100,0,4,73.1518,7.7120,127.2905
ls-small,1,102,1,4,602.3462,55.4720,1555.8854
ls-small,1,103,1,4,541.9671,49.1319,1419.8634
ls-small,1,104,0,4,74.1716,33.5095,251.1577
ls-small,1,105,0,2,33.7056,4.1760,184.7628
ls-small,1,106,1,4,547.0571,29.5852,569.3269
ls-small,1,107,1,4,381.0870,40.7179,1099.8929
ls-small,1,108,0,2,23.6469,3.6160,325.8976
ls-small,1,109,0,4,81.3313,20.1570,114.1879
ls-small,1,110,1,4,411.2032,32.8080,1148.7649
ls-small,1,111,1,4,483.1143,24.2560,1494.5243
ls-small,1,112,1,2,166.3212,31.1222,868.1388
ls-small,1,113,0,2,33.8699,13.6948,462.0188
ls-small,1,114,1,4,593.5554,43.2960,1570.3197
ls-small,1,115,0,4,70.4008,28.1431,467.4590
ls-small,1,116,0,4,65.1000,18.7329,300.4511
ls-small,1,117,0,4,69.1727,11.2501,365.7026
ls-small,1,118,0,2,38.0165,10.2840,200.0034
ls-small,1,119,1,4,533.5923,57.6139,1598.9093
ls-small,1,120,0,4,80.1260,20.7666,137.6234
ls-small,1,122,0,2,40.3803,5.6960,458.7274
ls-small,1,123,0,2,27.6959,14.5428,138.9520
ls-small,1,124,1,4,344.2115,31.6995,1126.3823
ls-small,1,125,0,2,37.4567,6.0800,310.4514
ls-small,1,126,1,4,415.4724,38.3367,1177.7206
ls-small,1,127,1,4,426.9982,43.1955,1883.4340
ls-small,1,128,0,2,29.3348,5.0240,413.5794
ls-small,1,129,1,4,488.2765,69.1200,961.0824
ls-small,1,130,1,4,573.7884,44.2175,875.1883
ls-small,1,132,1,4,597.1400,41.1226,806.5171
ls-small,1,134,1,4,599.0541,25.4464,1565.4176
ls-small,1,135,1,2,176.8166,23.8056,1138.1661
ls-small,1,137,0,4,77.0140,26.7079,305.7135
ls-small,1,138,1,4,651.4463,53.2907,1027.7394
ls-small,1,139,0,4,65.7099,33.8300,316.3090
ls-small,1,141,1,2,278.4210,29.4800,952.8656
ls-small,1,144,1,2,237.7420,34.7840,903.3128
ls-small,1,148,1,4,477.8540,62.2000,1003.8551
ls-small,1,151,1,4,576.9717,45.1916,633.7430
ls-small,1,160,1,4,505.1184,36.0113,722.5053
ls-small,1,164,1,4,555.2329,37.9167,1467.5964
ls-small,1,167,1,4,505.1184,65.4325,991.4614
ls-small,1,171,0,2,34.6391,4.0320,244.7027
ls-small,1,172,1,2,112.6685,23.7682,1519.4663
ls-small,1,176,0,4,77.2591,18.5222,318.3827
ls-small,1,183,0,4,61.9128,24.4154,210.4251
ls-small,1,198,1,4,589.7943,26.8645,1716.3071
ls-small,1,221,1,4,436.6780,58.9418,1317.4949
ls-small,1,229,0,2,40.0560,10.6710,497.2294
ls-small,1,241,1,4,461.8360,25.9093,1733.0246
ls-small,1,254,1,4,555.2329,35.4191,1345.1698
ls-small,1,286,0,2,32.6720,17.8704,220.8851
ls-small,1,299,0,4,72.0161,21.8293,371.1898
ls-small,1,302,1,2,208.2293,35.1957,1496.4213
ls-small,1,345,0,2,40.0560,3.5680,337.8667
ls-small,1,415,1,2,175.5201,17.6213,1639.6408
ls-small,1,473,1,2,194.9880,26.1287,1122.4131
ls-small,1,662,1,4,505.1184,38.6805,757.6020
ls-small,2,0,0,2,27.4052,3.7120,200.6333
ls-small,2,1,1,4,492.0071,37.3760,1705.5042
ls-small,2,2,1,4,684.1647,42.0242,1806.5495
ls-small,2,3,1,2,282.1613,47.7040,1837.6842
ls-small,2,4,1,4,471.7554,27.7120,765.0800
ls-small,2,5,1,4,680.2469,46.2208,1695.1399
ls-small,2,6,1,4,684.1647,38.7229,741.7770
ls-small,2,7,1,2,254.1697,20.1200,1887.2481
ls-small,2,8,1,2,182.2998,22.6880,1026.1622
ls-small,2,9,1,4,706.8958,30.6716,1815.0443
ls-small,2,10,1,4,490.9476,49.5704,1936.0426
ls-small,2,11,1,2,279.5652,36.4800,1596.3948
ls-small,2,12,1,2,177.0875,41.5412,1588.9239
ls-small,2,13,0,4,96.7714,11.3920,336.6801
ls-small,2,14,0,4,53.1419,20.3367,477.4324
ls-small,2,15,1,4,507.9917,68.0174,1043.5354
ls-small,2,16,1,2,82.0124,11.3440,538.0171
ls-small,2,17,0,4,62.3133,25.9659,309.2366
ls-small,2,18,1,4,543.3209,46.6283,1956.2259
ls-small,2,19,1,4,585.3974,56.8800,1005.8207
ls-small,2,20,1,4,452.5456,70.7550,1633.4932
ls-small,2,21,1,4,632.9976,53.5891,1757.6021
ls-small,2,22,1,4,587.1333,93.3973,1230.3826
ls-small,2,23,1,4,508.9300,37.9600,1409.1169
ls-small,2,24,1,4,446.9608,51.4240,879.4504
ls-small,2,25,0,4,77.7082,21.6881,303.3037
ls-small,2,26,0,4,70.3316,20.0416,132.1717
ls-small,2,27,0,4,70.0229,18.8028,160.4462
ls-small,2,28,0,2,31.1549,5.1200,196.3462
ls-small,2,29,0,2,34.9035,3.9680,109.7760
ls-small,2,30,1,4,427.5001,63.7408,1527.0299
ls-small,2,31,1,4,488.7631,24.8400,1893.3210
ls-small,2,32,1,4,491.4493,51.1600,529.2243
ls-small,2,33,0,4,74.2797,9.0880,449.7388
ls-small,2,34,0,4,88.4495,19.4366,424.8242
ls-small,2,35,1,4,507.9917,51.3972,507.9924
ls-small,2,36,1,4,585.3974,70.1614,1632.4762
ls-small,2,37,1,4,478.0959,32.8320,1630.3708
ls-small,2,38,0,4,89.3775,16.6109,356.3966
ls-small,2,39,0,4,96.7714,19.7307,389.4073
ls-small,2,40,1,4,565.2073,56.8723,903.4137
ls-small,2,41,1,2,164.5124,31.8800,1754.0084
ls-small,2,42,0,4,68.3191,34.5588,319.4244
ls-small,2,43,1,4,363.2544,45.5074,1034.0858
ls-small,2,44,1,4,789.2134,88.3069,1867.0491
ls-small,2,45,1,2,252.3478,23.5760,1158.2688
ls-small,2,46,0,4,76.5140,23.2617,231.5375
ls-small,2,47,0,4,64.2638,7.3280,261.6654
ls-small,2,48,1,4,367.7511,35.2640,1714.5977
ls-small,2,49,1,4,418.2141,39.8921,1107.3720
ls-small,2,50,1,4,418.6153,37.9200,1642.4133
ls-small,2,51,1,4,479.0052,41.6816,969.4009
ls-small,2,52,1,4,655.1215,58.5389,1104.3825
ls-small,2,53,1,4,464.3222,59.7896,1084.9762
ls-small,2,54,0,4,77.5158,12.8747,295.9215
ls-small,2,55,0,4,86.1052,11.5840,201.4764
ls-small,2,56,1,4,491.4493,62.3908,504.5559
ls-small,2,57,1,2,303.8211,47.0392,1887.4021
ls-small,2,58,0,2,31.4502,5.0720,494.8348
ls-small,2,59,0,4,78.3296,13.2925,369.9973
ls-small,2,60,0,2,30.4168,4.5760,162.3392
ls-small,2,61,1,4,541.7580,20.0320,1306.9991
ls-small,2,62,1,4,483.9492,68.3520,1473.5979
ls-small,2,63,1,2,303.8211,21.4160,1736.5556
ls-small,2,64,1,4,482.6834,68.5760,1277.1271
ls-small,2,65,1,4,311.7757,44.2575,962.1189
ls-small,2,66,1,4,619.1680,45.4812,1936.6320
ls-small,2,67,1,4,460.1333,50.4960,616.0783
ls-small,2,68,0,2,31.4066,4.8320,457.8293
ls-small,2,69,1,4,349.0400,37.6961,1831.5760
ls-small,2,70,1,4,507.6787,47.7120,1034.1469
ls-small,2,71,0,4,75.8036,10.5280,260.1040
ls-small,2,72,1,4,366.8801,72.1920,1626.5106
ls-small,2,73,1,4,541.7580,59.8912,962.8784
ls-small,2,74,0,4,78.9427,15.9539,135.0790
ls-small,2,75,1,4,486.1172,35.2320,1026.1700
ls-small,2,76,1,4,545.6921,77.8394,1314.0296
ls-small,2,77,1,4,548.0584,43.3161,974.5258
ls-small,2,78,1,4,771.6588,91.8244,876.4700
ls-small,2,79,0,2,35.6706,4.4160,382.9349
ls-small,2,80,1,4,766.2098,39.3434,766.2098
ls-small,2,81,1,4,447.8235,41.4033,1284.4851
ls-small,2,82,1,4,458.5173,43.2640,1996.0268
ls-small,2,83,1,4,444.1513,48.5440,1382.0009
ls-small,2,84,1,2,138.6672,23.7600,1117.6847
ls-small,2,85,0,4,70.7353,18.9997,147.3810
ls-small,2,86,0,4,75.2147,14.5374,201.1786
ls-small,2,87,0,4,65.1477,11.5431,234.4045
ls-small,2,88,1,4,606.0761,43.6259,1222.1960
ls-small,2,89,0,4,91.9813,10.1440,119.3377
ls-small,2,90,1,4,546.5958,65.3115,709.9493
ls-small,2,91,0,4,78.6918,16.0729,286.5478
ls-small,2,92,1,4,363.0993,32.6762,1266.4570
ls-small,2,93,0,4,77.3060,7.6800,272.3453
ls-small,2,94,1,4,668.7232,52.9090,1343.6941
ls-small,2,95,0,4,80.8601,17.6029,268.2693
ls-small,2,96,1,4,488.2569,20.9920,791.5157
ls-small,2,97,1,4,526.7930,61.1070,1553.9654
ls-small,2,98,0,2,31.6298,10.9463,115.2677
ls-small,2,99,0,4,96.7714,14.0800,405.1518
ls-small,2,101,1,4,312.2336,37.1019,1183.0394
ls-small,2,102,1,4,428.5570,27.0497,999.8307
ls-small,2,104,1,4,597.9293,70.5235,1209.8638
ls-small,2,105,1,2,150.0225,24.9200,1775.0489
ls-small,2,106,0,4,67.8950,9.0560,188.9008
ls-small,2,107,1,2,209.2061,28.9736,1302.9402
ls-small,2,108,0,4,92.1954,11.2325,123.4256
ls-small,2,109,1,4,527.4647,59.9040,607.9946
ls-small,2,110,0,4,78.6918,31.3834,160.2126
ls-small,2,111,1,4,646.9839,62.2756,1467.6624
ls-small,2,112,1,2,206.5557,34.9671,1347.3642
ls-small,2,113,1,2,190.0605,43.3280,1285.9753
ls-small,2,114,1,2,190.0605,14.2720,1914.8274
ls-small,2,115,0,2,31.1549,4.8800,289.9053
ls-small,2,116,0,4,70.1922,13.9595,341.1629
ls-small,2,117,0,4,91.9813,13.1301,192.5665
ls-small,2,118,1,4,613.3352,35.4598,1557.2332
ls-small,2,119,0,2,33.9718,16.0934,359.5610
ls-small,2,120,0,4,70.1358,8.7542,358.5453
ls-small,2,123,1,2,189.8924,11.5840,1413.6192
ls-small,2,124,1,4,489.9302,72.0080,1843.9270
ls-small,2,125,0,4,85.9052,17.0939,239.7736
ls-small,2,126,1,4,548.5120,48.9448,1129.1166
ls-small,2,127,1,4,340.9578,20.5120,942.1434
ls-small,2,129,1,4,654.5950,62.3460,850.0341
ls-small,2,130,0,4,96.7714,25.0804,332.8018
ls-small,2,131,1,4,667.2843,55.4437,1872.2203
ls-small,2,134,1,4,632.9976,31.0096,1557.7660
ls-small,2,136,0,4,60.6956,7.8400,428.5042
ls-small,2,137,1,4,764.2936,75.2180,1353.3792
ls-small,2,138,1,2,82.7564,25.9360,1861.1180
ls-small,2,139,1,4,479.0052,36.9333,1928.3068
ls-small,2,142,1,4,443.0060,30.6329,1112.7527
ls-small,2,144,1,4,506.4045,45.1507,1182.0910
ls-small,2,145,1,2,202.3137,22.9040,1599.7409
ls-small,2,158,0,4,77.0375,17.6502,421.9758
ls-small,2,166,1,2,71.6240,22.3360,1957.7951
ls-small,2,168,0,2,43.1342,4.6110,456.0403
ls-small,2,177,0,4,67.7477,12.0414,325.3094
ls-small,2,182,0,4,77.7082,8.2240,486.0128
ls-small,2,202,0,2,33.1398,5.6480,471.8696
ls-small,2,239,1,4,488.2569,45.3896,1001.3966
ls-small,2,304,0,2,32.8772,11.7431,325.1748
ls-small,2,482,1,2,192.5220,15.0240,1221.7565
ls-small,3,0,1,4,639.9944,39.2690,1408.3993
ls-small,3,1,1,4,575.7843,31.8400,1095.7019
ls-small,3,2,1,4,312.4905,48.4160,1507.1172
ls-small,3,3,1,4,632.1560,48.2000,1670.1147
ls-small,3,4,1,4,741.8420,70.5406,1092.4451
ls-small,3,5,1,4,553.8041,37.8879,553.8299
ls-small,3,6,0,4,69.5493,22.5195,268.4594
ls-small,3,7,1,4,361.6459,47.5304,1856.3027
ls-small,3,8,1,4,403.3529,55.4400,1946.9494
ls-small,3,9,0,2,26.5525,5.6960,213.9830
ls-small,3,10,1,4,641.2945,57.2821,1700.8930
ls-small,3,11,0,4,72.9321,9.5360,117.6760
ls-small,3,12,1,4,680.4377,58.2862,1258.1306
ls-small,3,13,0,4,69.4014,6.9120,479.5582
ls-small,3,14,1,4,489.6761,73.5185,970.7458
ls-small,3,15,1,4,370.6245,48.4800,1430.1892
ls-small,3,16,1,4,595.0993,67.5440,1156.1686
ls-small,3,17,1,4,614.2883,37.8800,1981.1839
ls-small,3,18,1,4,644.1294,56.5360,1450.2993
ls-small,3,19,1,2,259.7619,49.9213,1607.0514
ls-small,3,20,0,4,63.9700,15.9998,200.4489
ls-small,3,21,1,4,395.0385,39.8236,777.8691
ls-small,3,22,1,4,511.2928,78.3592,1957.0618
ls-small,3,23,1,4,555.8393,51.2855,991.6796
ls-small,3,24,0,4,64.7738,15.4318,275.3723
ls-small,3,25,1,4,615.9168,51.5651,905.8998
ls-small,3,26,1,2,184.9837,13.1200,1795.5914
ls-small,3,27,1,4,666.8891,39.0695,937.9143
ls-small,3,28,1,4,604.4226,77.3273,1352.4984
ls-small,3,29,0,4,77.3499,10.2738,323.5486
ls-small,3,30,1,4,746.6303,65.0640,1834.5562
ls-small,3,31,1,4,552.7124,25.9088,552.7167
ls-small,3,32,1,4,517.8738,49.4720,519.7167
ls-small,3,33,1,4,554.4040,48.6964,579.8699
ls-small,3,34,1,4,681.6419,47.1278,1027.7624
ls-small,3,35,1,4,689.0673,57.7893,859.1849
ls-small,3,36,1,4,570.2985,52.2870,574.8978
ls-small,3,37,0,2,34.6954,5.1680,120.3891
ls-small,3,38,1,4,644.1294,59.6637,686.9394
ls-small,3,39,1,4,641.2945,80.6753,973.8444
ls-small,3,40,1,4,666.8891,56.8560,1041.2519
ls-small,3,41,1,4,536.7219,38.3806,1692.9391
ls-small,3,42,0,4,77.9428,12.9912,354.6706
ls-small,3,43,0,4,77.3499,11.6155,268.2056
ls-small,3,44,0,2,29.9650,3.9040,378.0677
ls-small,3,45,0,4,67.1710,19.8480,249.6943
ls-small,3,46,0,4,74.8601,21.0149,367.0246
ls-small,3,47,1,4,509.3500,87.7714,715.2775
ls-small,3,48,1,4,504.9737,63.0000,768.7304
ls-small,3,49,1,4,366.7327,23.9680,1510.3022
ls-small,3,50,0,4,83.1834,14.0452,142.6975
ls-small,3,51,0,4,52.9605,23.3231,431.2237
ls-small,3,52,1,2,255.3318,25.1600,1051.2070
ls-small,3,53,1,2,140.0460,37.7360,1250.4644
ls-small,3,54,1,4,401.9539,38.6240,1464.4295
ls-small,3,55,0,4,72.9558,19.8567,334.5873
ls-small,3,56,0,4,81.4248,15.3735,473.9157
ls-small,3,57,1,4,556.0534,84.5825,1834.1137
ls-small,3,58,0,4,98.9264,9.1520,327.9556
ls-small,3,59,1,4,606.9397,70.5840,1986.8269
ls-small,3,60,1,4,498.5588,80.5669,1989.1842
ls-small,3,61,1,4,506.0643,61.6137,1866.3393
ls-small,3,62,1,4,740.0066,73.8969,1835.2585
ls-small,3,63,0,4,89.1519,16.0750,459.9040
ls-small,3,64,1,2,268.5972,21.6800,636.4371
ls-small,3,65,0,2,31.9268,4.2080,280.9428
ls-small,3,66,0,4,75.3146,20.1200,294.3602
ls-small,3,67,1,4,487.0083,36.0320,1316.5348
ls-small,3,68,0,4,66.5495,18.8700,454.8756
ls-small,3,69,1,4,761.1000,69.0992,1635.9850
ls-small,3,70,0,2,46.8219,9.6977,366.7529
ls-small,3,71,0,4,66.7531,14.3830,358.3338
ls-small,3,72,1,4,410.6745,54.0041,662.3237
ls-small,3,73,1,4,519.0260,62.2560,1471.2302
ls-small,3,74,1,4,539.3664,62.5218,1573.7532
ls-small,3,75,1,2,71.8080,16.4160,898.7691
ls-small,3,76,1,4,504.9737,26.8193,870.7944
ls-small,3,77,1,4,489.6393,74.8504,1312.2472
ls-small,3,78,1,4,506.7062,46.2108,1385.1782
ls-small,3,80,1,4,343.0287,32.8000,1789.2837
ls-small,3,81,1,4,403.6047,42.6014,1802.8529
ls-small,3,82,0,4,64.1978,11.2983,226.3790
ls-small,3,83,1,4,545.2568,67.7617,545.2608
ls-small,3,84,0,4,93.2784,37.9788,169.2431
ls-small,3,85,0,4,68.3104,13.2497,425.0891
ls-small,3,86,1,4,616.1514,61.4212,1200.8604
ls-small,3,87,0,2,31.3494,16.1906,299.4393
ls-small,3,89,1,4,680.4377,78.1590,1897.6099
ls-small,3,90,1,4,506.0310,33.0400,663.6832
ls-small,3,91,0,4,77.3499,13.6735,256.5977
ls-small,3,93,1,4,255.3829,37.2208,1183.0640
ls-small,3,94,1,4,421.4128,60.1642,1394.7113
ls-small,3,95,1,4,717.2469,40.8630,1783.1067
ls-small,3,96,0,4,75.9760,14.8962,301.4610
ls-small,3,97,0,2,34.6029,3.7120,173.9204
ls-small,3,101,1,4,680.4377,35.8800,1683.8977
ls-small,3,102,0,4,84.8216,8.2240,351.6416
ls-small,3,103,0,2,26.6007,5.8080,336.9031
ls-small,3,104,0,2,29.9908,6.3068,301.2132
ls-small,3,105,0,4,73.6408,10.2080,459.9459
ls-small,3,107,0,4,67.4730,8.4480,145.8695
ls-small,3,111,0,2,36.8429,6.0960,136.7985
ls-small,3,113,0,2,30.7375,3.8080,235.3881
ls-small,3,114,1,4,619.7825,54.6293,1532.2900
ls-small,3,116,1,2,169.7025,26.6480,1682.9618
ls-small,3,126,1,4,510.0561,63.7695,1995.9528
ls-small,3,129,1,2,278.1344,19.2714,1613.1336
ls-small,3,130,0,4,93.4488,8.4800,131.0231
ls-small,3,137,0,4,80.6872,24.9670,280.0075
ls-small,3,138,1,2,170.4132,26.2400,1009.2999
ls-small,3,141,1,2,181.2597,16.5047,1281.7041
ls-small,3,142,1,2,163.3604,32.5838,774.4241
ls-small,3,144,0,4,88.8236,21.9277,155.8604
ls-small,3,151,1,4,681.2394,50.7375,1913.1938
ls-small,3,154,1,4,621.1617,57.6316,1087.6847
ls-small,3,159,1,4,740.0066,51.1360,1555.1176
ls-small,3,163,0,4,84.0193,18.3804,341.4347
ls-small,3,170,0,4,88.8236,18.5873,494.6124
ls-small,3,177,0,4,93.2784,20.2936,394.9654
ls-small,3,178,1,4,686.4843,47.9200,837.2851
ls-small,3,181,0,4,72.7976,16.0864,334.4260
ls-small,3,182,0,4,98.6409,11.2640,125.7480
ls-small,3,190,1,4,575.5904,46.8564,1906.4619
ls-small,3,195,1,4,728.5765,42.4924,763.6409
ls-small,3,198,1,2,212.8118,16.8640,1083.7288
ls-small,3,204,1,4,589.1949,76.8901,1218.1416
ls-small,3,208,1,2,290.9140,12.7040,651.1855
ls-small,3,212,1,2,212.8118,29.6167,870.4339
ls-small,3,221,0,4,93.4488,12.9360,203.6377
ls-small,3,226,0,4,90.6200,10.4320,350.8989
ls-small,3,233,0,4,81.8989,9.0240,148.8413
ls-small,3,238,0,2,37.8794,10.7677,352.2164
ls-small,3,242,0,4,91.3401,8.1920,482.7300
ls-small,3,266,0,4,72.7976,13.7650,211.2297
ls-small,3,300,0,2,48.0806,8.9226,359.4808
ls-small,3,320,0,2,47.9378,3.7760,128.9780
ls-small,3,360,0,2,42.4326,14.0664,381.2495
ls-small,3,372,0,2,47.9378,6.0480,147.4403
ls-small,3,427,0,2,34.7979,4.7040,342.9026
ls-small,3,543,0,2,28.7966,5.7920,452.8506
ls-small,3,590,0,2,28.7966,3.8880,436.2304
ls-small,3,591,0,2,37.7854,4.0960,429.1806
ls-small,3,714,0,2,46.8219,5.5090,470.0009
ls-small,3,820,0,2,30.0995,4.1920,102.2768
ls-small,3,915,1,2,181.2597,36.2160,1505.2720
ls-small,4,0,0,2,26.8230,4.6400,136.0401
ls-small,4,1,1,4,349.3851,33.0208,1280.5089
ls-small,4,2,1,4,517.5487,57.8400,821.6006
ls-small,4,3,1,4,511.4743,37.9178,934.4610
ls-small,4,4,1,4,466.3461,47.2107,766.6853
ls-small,4,5,0,4,55.8603,22.4158,463.5481
ls-small,4,6,1,4,383.0545,63.1982,1135.5966
ls-small,4,7,1,4,494.4457,34.6800,1718.8885
ls-small,4,8,0,2,34.1594,5.5840,380.3515
ls-small,4,9,0,4,68.0042,12.9879,210.5219
ls-small,4,10,1,2,118.7679,21.8720,651.4692
ls-small,4,11,0,4,70.0004,10.8160,148.8582
ls-small,4,12,1,2,208.6878,17.0345,1843.8917
ls-small,4,13,0,4,67.4731,18.7418,410.0958
ls-small,4,14,0,4,62.2690,23.5583,154.5751
ls-small,4,15,1,4,437.3023,22.4038,1182.1780
ls-small,4,16,1,4,514.5735,55.2500,1972.6230
ls-small,4,17,0,4,65.0505,13.9539,338.2139
ls-small,4,18,1,2,143.6981,28.3040,1996.4548
ls-small,4,19,0,4,57.0116,20.1628,291.1048
ls-small,4,20,1,4,504.3913,31.7513,1165.2532
ls-small,4,21,1,4,422.2008,50.0291,880.0811
ls-small,4,22,1,4,319.8116,45.2861,987.5211
ls-small,4,23,0,4,55.2057,19.9701,297.7152
ls-small,4,24,0,4,61.1230,28.0874,218.4819
ls-small,4,25,1,4,698.5678,63.0433,1007.7959
ls-small,4,26,0,4,55.1517,25.0989,117.8176
ls-small,4,27,1,4,323.8689,28.8000,1531.7791
ls-small,4,28,1,4,338.6492,35.6891,1697.0199
ls-small,4,29,0,2,34.9870,9.9009,423.9489
ls-small,4,30,1,4,456.3740,56.6840,1507.2227
ls-small,4,31,1,4,406.3199,36.4581,618.4837
ls-small,4,32,1,4,411.0797,52.0697,562.0644
ls-small,4,33,1,4,331.9091,29.7280,627.7115
ls-small,4,34,1,4,583.1396,62.1994,850.5509
ls-small,4,35,0,4,56.9106,26.8131,304.9899
ls-small,4,36,1,4,435.9592,45.4400,1442.8887
ls-small,4,37,1,2,183.8036,17.8400,1697.5233
ls-small,4,38,1,4,463.4435,31.2000,1241.3828
ls-small,4,39,1,4,508.3417,71.6796,508.3432
ls-small,4,40,1,4,434.8680,45.3891,1281.0719
ls-small,4,41,1,4,443.5378,45.1200,1515.1000
ls-small,4,42,1,4,695.8558,61.2000,1905.1053
ls-small,4,43,1,4,379.3338,34.4640,877.5443
ls-small,4,44,1,4,522.5465,60.9927,623.8402
ls-small,4,45,0,4,70.6039,16.6271,369.9867
ls-small,4,46,1,4,502.2718,63.2400,1481.3789
ls-small,4,47,1,4,416.2539,35.1057,1701.6567
ls-small,4,48,0,4,64.2325,15.0218,404.1008
ls-small,4,49,1,4,344.2351,51.6400,1779.1620
ls-small,4,50,1,4,456.3740,73.5567,1051.4258
ls-small,4,51,1,4,406.3199,42.4800,1954.2694
ls-small,4,52,1,4,512.0714,52.4240,775.8385
ls-small,4,53,1,4,583.1396,49.1600,1926.5992
ls-small,4,54,0,4,50.7259,10.9405,341.5214
ls-small,4,55,1,4,498.5383,77.8933,1838.8458
ls-small,4,56,1,2,161.0225,35.9254,1921.8925
ls-small,4,57,1,4,475.0507,53.9265,1286.5506
ls-small,4,58,0,4,66.1262,11.3479,208.2514
ls-small,4,59,1,2,191.9403,20.7200,1817.7214
ls-small,4,60,1,4,363.5815,24.0800,731.3021
ls-small,4,61,1,4,454.6326,35.6344,1812.1745
ls-small,4,62,1,4,463.8423,51.9200,992.6331
ls-small,4,63,1,4,366.1892,20.8960,955.9964
ls-small,4,64,0,2,30.7114,9.2254,192.5104
ls-small,4,65,1,4,411.9647,45.8000,1994.6588
ls-small,4,66,1,2,289.1677,26.6034,1212.3643
ls-small,4,67,1,4,521.2784,55.6576,1731.0544
ls-small,4,68,1,2,211.4833,33.7040,1437.5815
ls-small,4,69,1,4,457.1392,49.2480,1487.5068
ls-small,4,70,1,4,505.5679,53.2279,765.7034
ls-small,4,71,1,4,406.4455,47.9501,801.2730
ls-small,4,72,1,4,675.1502,76.8839,675.1713
ls-small,4,73,0,4,47.2219,28.0731,348.9021
ls-small,4,74,0,2,24.8715,5.8720,243.9339
ls-small,4,75,1,4,521.2784,40.7040,759.2976
ls-small,4,76,1,4,477.4620,60.2880,1683.2528
ls-small,4,77,0,2,30.2360,3.0880,472.7332
ls-small,4,78,1,4,676.4251,46.3040,1625.4242
ls-small,4,79,0,2,31.8443,3.3760,205.4283
ls-small,4,80,1,4,459.6198,30.2400,1430.3061
ls-small,4,81,1,2,211.4833,24.5760,1468.2428
ls-small,4,82,1,4,558.3985,30.6883,866.2412
ls-small,4,83,1,4,472.9914,30.3360,1860.5269
ls-small,4,85,1,4,438.7370,51.7544,1979.4342
ls-small,4,86,1,4,530.8287,47.6683,1526.1767
ls-small,4,87,1,4,505.9551,54.4065,1770.2919
ls-small,4,88,1,4,361.9146,50.6560,1043.2919
ls-small,4,89,1,4,366.1892,44.5836,1037.2573
ls-small,4,90,1,2,211.0119,36.3600,1075.5397
ls-small,4,91,1,4,250.9626,26.2400,1972.3430
ls-small,4,92,0,4,59.2867,21.4910,475.3734
ls-small,4,93,1,4,460.8797,46.2080,709.3816
ls-small,4,94,1,2,197.5980,10.0800,1171.1624
ls-small,4,95,0,4,65.0505,22.8888,457.8625
ls-small,4,97,1,4,604.1838,61.2429,1155.4360
ls-small,4,98,1,4,422.5850,31.5061,850.2691
ls-small,4,101,1,2,143.6526,19.7440,714.8924
ls-small,4,102,1,2,143.6981,15.6640,1677.4414
ls-small,4,103,1,4,323.8689,44.2136,1213.1933
ls-small,4,104,1,2,187.3909,22.4480,1832.0752
ls-small,4,105,0,4,64.3246,30.6476,128.8188
ls-small,4,107,0,2,34.9870,6.0800,104.2365
ls-small,4,111,1,4,416.8630,50.1708,735.5791
ls-small,4,112,1,4,495.5147,77.8954,1945.4283
ls-small,4,114,1,2,136.0963,28.2560,1936.5168
ls-small,4,116,1,4,684.4134,87.9992,903.6145
ls-small,4,117,0,4,69.8651,22.6067,170.5974
ls-small,4,118,0,4,67.3279,12.5169,450.4917
ls-small,4,119,0,4,66.2211,16.5487,254.5737
ls-small,4,120,0,2,21.5275,3.3760,138.4500
ls-small,4,121,0,4,63.4995,7.3600,323.0872
ls-small,4,132,0,2,31.1312,4.4960,316.5034
ls-small,4,145,1,4,553.4058,86.3169,1049.6583
ls-small,4,152,0,4,51.2994,11.3492,394.4309
ls-small,4,154,1,4,530.8287,47.7194,1593.2175
ls-small,4,157,0,4,61.1452,13.4943,460.8866
ls-small,4,160,1,4,475.0507,21.0560,1440.3645
ls-small,4,169,1,2,187.3909,14.0480,905.3360
ls-small,4,170,0,4,59.1347,9.3760,468.5491
ls-small,4,182,1,4,576.6326,31.9435,1468.5909
ls-small,4,185,1,4,463.4435,26.4294,1334.7107
ls-small,4,192,1,2,203.6020,33.2008,638.1229
ls-small,4,216,0,2,31.3590,9.0621,204.2427
ls-small,5,0,1,4,512.9990,63.3053,1663.9379
ls-small,5,1,1,4,481.8721,31.0053,1802.6682
ls-small,5,2,0,4,69.5482,12.3097,263.2604
ls-small,5,3,0,4,75.3533,6.6240,150.6797
ls-small,5,4,0,4,83.6044,18.0787,215.7221
ls-small,5,5,1,4,534.1037,52.0924,1911.4640
ls-small,5,6,0,4,77.7933,8.9920,474.3171
ls-small,5,7,1,4,599.0337,66.4681,599.0337
ls-small,5,8,1,4,602.9082,39.3174,1208.8075
ls-small,5,9,0,4,66.3145,6.2080,437.9524
ls-small,5,10,1,4,451.8203,39.8440,1179.2334
ls-small,5,11,0,2,32.3898,4.0160,304.9984
ls-small,5,12,1,4,483.6139,30.0562,554.9474
ls-small,5,13,1,4,545.7236,44.5150,1009.9393
ls-small,5,14,1,4,472.4031,37.5291,1698.1604
ls-small,5,15,1,4,660.6522,33.7485,1980.0487
ls-small,5,16,0,4,71.4180,13.1804,430.5182
ls-small,5,17,0,2,37.1880,11.5861,233.6741
ls-small,5,18,1,4,536.5794,61.3363,659.9459
ls-small,5,19,0,2,36.9807,4.7360,281.2620
ls-small,5,20,1,4,480.5124,54.9314,1218.5637
ls-small,5,21,1,4,475.9411,34.8800,1733.0825
ls-small,5,22,1,4,468.4650,40.6416,633.7061
ls-small,5,23,1,4,420.7952,58.6271,1679.0339
ls-small,5,24,1,4,399.1098,71.4298,1338.9715
ls-small,5,25,0,4,85.1413,19.8655,482.7542
ls-small,5,26,1,4,418.1151,24.4400,988.8574
ls-small,5,27,0,4,81.5366,14.2320,239.1538
ls-small,5,28,1,2,222.4110,35.2124,1964.1833
ls-small,5,29,0,4,67.4846,7.3920,474.9527
ls-small,5,30,1,4,615.5763,49.4258,1425.1707
ls-small,5,31,1,2,180.0281,29.4242,1580.6217
ls-small,5,32,0,4,66.3427,9.6320,187.6153
ls-small,5,33,1,4,308.0163,28.4434,1837.7148
ls-small,5,34,1,4,488.5713,57.0986,1123.2347
ls-small,5,35,1,2,133.3827,11.1680,1577.0228
ls-small,5,36,1,4,499.8214,69.8320,1799.6019
ls-small,5,37,1,4,445.1966,38.1006,942.9220
ls-small,5,38,1,4,490.6251,33.1617,1128.6529
ls-small,5,39,1,2,221.1404,46.1926,1345.7887
ls-small,5,40,1,4,536.5794,62.4560,661.8775
ls-small,5,41,0,2,29.0921,5.6000,271.6804
ls-small,5,42,0,4,84.4853,11.8400,484.4556
ls-small,5,43,1,2,164.8497,21.3920,1123.2376
ls-small,5,44,1,4,532.9509,35.7200,535.6624
ls-small,5,45,0,4,75.6253,20.6405,105.2813
ls-small,5,46,0,2,35.6784,4.9600,296.0475
ls-small,5,47,0,4,77.8688,15.9985,106.4691
ls-small,5,48,0,4,77.8688,20.2673,392.5104
ls-small,5,49,1,4,504.1635,44.3569,504.2542
ls-small,5,50,1,4,531.8390,56.0425,1144.5058
ls-small,5,51,1,4,371.7849,82.0062,1213.5796
ls-small,5,52,1,2,282.8422,32.6240,1754.4179
ls-small,5,53,0,4,77.4239,9.8880,166.1798
ls-small,5,54,1,2,162.0671,37.7263,1378.7784
ls-small,5,55,1,2,236.3292,14.3680,1495.4021
ls-small,5,56,1,4,541.4877,39.8716,573.3394
ls-small,5,57,1,4,574.9379,66.5963,1991.0796
ls-small,5,58,0,4,62.0748,7.5520,126.8912
ls-small,5,59,1,4,352.9955,42.6613,919.8056
ls-small,5,60,0,2,32.2864,12.5617,103.9876
ls-small,5,61,1,4,497.1507,56.1057,1907.8070
ls-small,5,62,0,4,67.2936,14.3566,464.1690
ls-small,5,63,1,2,121.6319,26.9913,881.2854
ls-small,5,64,1,4,491.2040,62.8128,1180.0073
ls-small,5,65,0,4,67.8933,6.1760,134.0973
ls-small,5,66,1,2,236.3292,18.2880,1084.7782
ls-small,5,67,1,4,380.0900,43.7896,580.4888
ls-small,5,68,1,4,491.4216,55.1785,1959.0462
ls-small,5,69,0,4,73.4637,22.0932,434.3269
ls-small,5,70,1,4,449.1166,79.5439,1067.2083
ls-small,5,71,1,4,602.9082,38.6768,1388.9402
ls-small,5,72,1,4,434.5382,45.7467,555.6533
ls-small,5,73,0,2,32.3898,5.0240,100.1759
ls-small,5,74,1,4,615.5763,58.9072,1198.3602
ls-small,5,75,0,4,75.3314,15.8457,447.6269
ls-small,5,76,1,4,405.4546,38.7706,1625.5518
ls-small,5,77,1,4,481.8721,32.1815,974.0973
ls-small,5,78,1,2,116.6762,24.1483,1678.0251
ls-small,5,79,1,4,532.9509,27.8400,801.5337
ls-small,5,80,0,4,64.9717,6.6880,464.6692
ls-small,5,81,0,4,71.8603,14.0559,392.9391
ls-small,5,82,1,4,435.9266,51.3191,1468.8104
ls-small,5,83,0,4,75.0473,6.5280,167.9030
ls-small,5,84,1,4,413.0075,47.4240,1574.8040
ls-small,5,85,0,4,84.4853,24.5615,357.6983
ls-small,5,86,1,4,485.9586,25.9600,1168.8154
ls-small,5,87,1,4,462.9736,41.0209,782.0883
ls-small,5,88,1,4,607.7160,45.8880,1312.9056
ls-small,5,89,1,4,433.8602,44.4560,1309.4496
ls-small,5,90,1,4,574.9869,52.6425,1869.4980
ls-small,5,91,1,4,584.6596,45.8786,967.5763
ls-small,5,92,1,4,614.8349,30.2400,1305.1392
ls-small,5,93,1,4,543.8184,46.1440,913.7489
ls-small,5,94,0,4,67.6068,21.2669,454.2120
ls-small,5,95,1,4,489.9904,45.3440,1481.1472
ls-small,5,96,0,4,66.9637,7.2000,391.2081
ls-small,5,97,0,4,75.0473,15.4404,228.5112
ls-small,5,98,0,2,27.4722,5.0560,214.2085
ls-small,5,99,1,4,582.8871,52.5164,682.4934
ls-small,5,100,1,4,499.3108,28.4480,1291.1565
ls-small,5,101,0,4,79.8877,19.6427,333.7678
ls-small,5,102,0,4,64.3066,11.0080,278.4861
ls-small,5,103,0,4,82.5109,8.6400,284.3988
ls-small,5,104,1,4,450.2554,55.4000,1954.4978
ls-small,5,105,0,4,61.7560,9.4720,183.0229
ls-small,5,106,1,2,149.2980,19.7840,1089.0768
ls-small,5,107,0,4,87.1119,7.6800,405.8266
ls-small,5,108,1,4,558.4495,34.1600,1101.2861
ls-small,5,109,1,4,458.8805,36.0320,640.6539
ls-small,5,110,1,4,209.9718,44.8346,1215.7256
ls-small,5,111,1,2,260.0537,33.6560,1533.0043
ls-small,5,112,1,4,533.1953,53.2394,533.3263
ls-small,5,113,1,4,703.5581,73.6056,1174.6247
ls-small,5,114,1,2,221.1404,27.1760,1044.1964
ls-small,5,115,1,4,355.4481,55.8479,929.5929
ls-small,5,116,1,2,275.1419,30.5708,1952.9378
ls-small,5,117,1,4,473.2761,34.1557,1630.0902
ls-small,5,118,1,4,449.8455,62.4799,1275.0358
ls-small,5,119,1,4,574.9379,61.4800,1953.6007
ls-small,5,120,0,4,76.1589,11.3920,464.0699
ls-small,5,121,1,4,520.0102,27.1936,1830.1534
ls-small,5,122,1,2,282.8422,19.3498,615.0116
ls-small,5,123,0,4,74.2453,7.1046,266.7396
ls-small,5,125,0,4,59.5880,6.2720,218.2623
ls-small,5,126,0,2,34.0077,3.7920,358.5434
ls-small,5,127,0,4,63.8163,14.4107,227.3785
ls-small,5,128,1,2,81.2371,13.7440,502.3796
ls-small,5,129,0,4,64.3066,19.4660,329.9896
ls-small,5,130,1,2,177.4257,27.7683,1048.0053
ls-small,5,131,0,4,76.1954,9.0880,456.3582
ls-small,5,133,0,4,62.1498,17.0387,485.0791
ls-small,5,134,1,4,526.5118,48.7740,675.2710
ls-small,5,135,1,4,582.8761,32.0000,712.4298
ls-small,5,136,1,4,632.1425,51.5743,1914.6087
ls-small,5,138,0,2,24.7556,3.4080,272.9786
ls-small,5,140,0,2,31.3169,3.6000,108.5180
ls-small,5,141,1,4,531.8390,48.9946,1957.2706
ls-small,5,142,0,4,62.1377,21.2840,339.3381
ls-small,5,143,0,2,29.7561,3.6640,444.0618
ls-small,5,144,0,2,33.8317,3.1200,424.9896
ls-small,5,145,0,2,33.3708,3.6960,221.1911
ls-small,5,147,0,2,31.0822,4.5120,366.6026
ls-small,5,150,0,4,75.6253,14.0160,475.0261
ls-small,5,151,0,4,83.6044,20.6042,152.5416
ls-small,5,152,1,2,229.5713,14.0313,925.4637
ls-small,5,209,0,4,76.9646,12.1309,180.3886
ls-small,5,213,1,4,491.4216,28.9600,1540.1592
ls-small,5,226,0,4,81.1349,23.9989,487.9803
ls-small,5,233,0,2,31.8760,3.2800,451.5720
ls-small,5,242,0,2,29.5907,5.5520,464.4740
ls-small,5,279,0,4,70.5979,13.0897,319.3678
ls-small,5,300,1,2,177.4257,15.8880,1273.1687
ls-small,5,325,0,2,34.1718,3.5840,352.2230
ls-small,5,340,0,2,30.6287,7.7739,288.0885
ls-small,5,347,0,2,24.4121,11.8966,463.2572
ls-small,5,424,0,2,32.3308,3.9840,320.9675
ls-small,5,472,0,2,35.9407,3.2160,226.4678
ls-small,5,897,0,2,37.1880,12.0960,113.1300
ls-small,5,988,0,2,34.9027,6.6374,296.7963
ls-small,6,0,1,4,320.3832,36.9906,718.3670
ls-small,6,1,1,2,302.1575,43.4160,1655.2098
ls-small,6,2,1,4,561.9290,43.9040,789.4773
ls-small,6,3,1,4,452.0330,78.6208,1003.3730
ls-small,6,4,1,4,644.2189,58.2320,1549.4314
ls-small,6,5,0,2,31.1622,3.2000,431.1617
ls-small,6,6,1,4,664.1448,51.7970,1450.2177
ls-small,6,7,1,4,636.0165,55.6630,1250.2357
ls-small,6,8,0,4,78.0185,12.5167,387.6013
ls-small,6,9,0,4,60.2133,23.9549,175.4987
ls-small,6,10,1,4,327.9832,46.8400,1066.1072
ls-small,6,11,0,4,69.1112,10.0480,269.1555
ls-small,6,12,1,4,410.5472,44.3511,1170.7912
ls-small,6,13,1,4,376.0387,43.2800,1911.0877
ls-small,6,14,1,2,218.8139,27.3896,532.8100
ls-small,6,15,1,4,648.1290,41.0618,1254.1048
ls-small,6,16,0,4,78.0236,14.8077,207.1750
ls-small,6,17,1,2,162.5572,31.7120,958.5103
ls-small,6,18,1,2,180.3808,17.9840,980.1695
ls-small,6,19,1,4,740.5434,39.8830,1435.6760
ls-small,6,20,0,4,55.1599,16.2315,244.8045
ls-small,6,21,0,2,36.5249,3.8253,345.3730
ls-small,6,22,1,4,693.7671,54.6513,1056.3702
ls-small,6,23,1,4,544.5688,56.5677,1570.9031
ls-small,6,24,1,4,982.5999,78.1200,1552.0557
ls-small,6,25,0,2,25.5093,5.6000,299.8770
ls-small,6,26,1,2,144.9948,18.6320,1667.7470
ls-small,6,27,0,4,81.2957,18.0966,432.5708
ls-small,6,28,0,4,82.2218,6.3040,211.9232
ls-small,6,29,1,4,632.2671,53.6596,874.3637
ls-small,6,30,1,4,520.8600,31.1581,1055.7330
ls-small,6,31,1,4,679.8273,60.6007,1597.2798
ls-small,6,32,1,4,590.4729,35.2000,692.0771
ls-small,6,33,1,4,662.5978,34.2421,922.5591
ls-small,6,34,1,4,958.1819,73.5193,1543.3487
ls-small,6,35,1,4,709.7544,44.8000,1341.5210
ls-small,6,36,1,4,899.2674,88.0779,1289.4470
ls-small,6,37,1,4,590.2120,39.9091,1467.7151
ls-small,6,38,1,4,624.9294,58.2583,1535.3691
ls-small,6,39,0,4,65.5567,32.7289,403.5862
ls-small,6,40,0,4,81.7380,20.0999,123.9508
ls-small,6,41,0,4,69.7111,10.6560,137.0852
ls-small,6,42,1,4,608.5985,25.5040,1937.0888
ls-small,6,43,1,4,297.3935,37.1431,883.5340
ls-small,6,44,1,2,291.1519,30.0560,1388.3168
ls-small,6,45,1,4,560.3819,49.7568,1377.3171
ls-small,6,46,1,4,624.7497,54.8589,1040.5483
ls-small,6,47,1,2,281.3542,53.6671,709.0990
ls-small,6,48,0,4,69.0048,8.0347,135.0085
ls-small,6,49,0,4,67.8301,20.0797,197.1860
ls-small,6,50,1,2,302.7111,29.7195,879.7451
ls-small,6,51,0,4,73.9919,9.6960,330.4235
ls-small,6,52,0,4,64.1055,19.4175,289.4782
ls-small,6,53,1,2,303.4729,27.5829,731.5252
ls-small,6,54,1,4,325.6478,33.1047,928.6732
ls-small,6,55,0,4,87.6964,10.5378,263.0596
ls-small,6,56,1,4,520.8600,35.5927,1117.7567
ls-small,6,57,1,4,958.1819,63.3363,1824.4581
ls-small,6,58,1,4,529.8335,35.1600,697.2502
ls-small,6,59,1,4,596.7011,61.7709,1673.3922
ls-small,6,60,1,4,796.0538,73.9159,1026.5596
ls-small,6,61,0,2,27.8738,3.7760,443.8010
ls-small,6,62,1,4,313.3354,24.4480,1357.8555
ls-small,6,63,1,4,594.3060,61.7953,1629.0771
ls-small,6,64,1,2,209.8087,29.4800,591.9247
ls-small,6,65,1,4,383.2368,54.7064,1606.2697
ls-small,6,66,1,4,373.0458,30.0000,1615.8466
ls-small,6,67,1,4,958.4669,71.1203,1060.2661
ls-small,6,68,1,4,928.2850,41.3400,1098.8126
ls-small,6,69,1,4,778.1871,72.8545,996.3236
ls-small,6,70,0,4,85.6484,12.0133,322.2974
ls-small,6,71,1,4,981.0529,72.0490,1335.3876
ls-small,6,72,1,2,83.2753,15.2480,1355.8905
ls-small,6,73,0,4,57.1565,34.5646,380.9949
ls-small,6,74,1,4,678.6909,42.8296,1722.7237
ls-small,6,75,0,4,77.7060,17.6188,290.2709
ls-small,6,76,0,4,85.6484,12.2036,121.7782
ls-small,6,77,1,4,633.2474,32.3397,1223.6729
ls-small,6,78,0,2,28.6379,9.2676,220.2826
ls-small,6,79,0,2,34.9905,5.2480,475.0009
ls-small,6,80,1,4,981.0529,67.9687,1497.4271
ls-small,6,81,1,4,607.9550,42.2682,1027.4663
ls-small,6,82,1,4,660.0264,42.5167,1389.8138
ls-small,6,83,0,2,28.3311,5.0400,457.5190
ls-small,6,84,1,4,420.1936,52.7638,829.4651
ls-small,6,85,0,4,72.8269,7.1360,112.3797
ls-small,6,86,0,4,83.0660,14.6877,456.0899
ls-small,6,87,1,2,174.6254,33.4880,1838.5869
ls-small,6,88,1,2,220.1455,15.2800,1700.9450
ls-small,6,89,0,4,74.1518,14.8892,335.0093
ls-small,6,90,1,4,544.3085,28.9920,1605.6482
ls-small,6,91,1,4,280.1540,54.0265,1854.3607
ls-small,6,92,1,4,664.1448,66.9146,954.9955
ls-small,6,93,1,2,244.2734,36.2240,1458.8285
ls-small,6,94,0,2,29.4342,5.7440,141.6202
ls-small,6,95,1,4,329.8217,57.9941,607.3337
ls-small,6,96,0,4,58.2613,16.6870,292.4282
ls-small,6,97,1,2,209.8087,43.0000,740.8790
ls-small,6,98,1,4,788.5913,53.6787,1020.1333
ls-small,6,99,0,4,88.6893,11.0080,432.7619
ls-small,6,100,1,2,194.8354,17.0286,949.8095
ls-small,6,101,0,4,82.2601,12.5119,409.9253
ls-small,6,102,1,4,989.9109,59.6534,989.9375
ls-small,6,103,0,4,82.0745,14.5446,119.8552
ls-small,6,104,1,2,237.3903,22.7600,725.1313
ls-small,6,105,1,2,266.5074,32.9965,801.1984
ls-small,6,106,1,4,409.9824,61.0772,1598.1394
ls-small,6,107,1,4,701.8906,71.3801,1960.2446
ls-small,6,108,0,4,55.8918,15.1506,185.6190
ls-small,6,109,0,4,80.2354,7.4151,142.0430
ls-small,6,110,1,4,633.4837,53.8400,633.4843
ls-small,6,111,1,2,303.2367,44.6875,1445.9055
ls-small,6,112,1,4,550.4725,43.2815,822.4986
ls-small,6,113,1,2,147.5944,22.9040,1043.9360
ls-small,6,114,1,2,175.2979,27.0080,1673.9930
ls-small,6,115,1,4,579.4859,49.9420,1444.1226
ls-small,6,116,0,2,26.1057,5.2000,341.6818
ls-small,6,117,1,4,778.1871,86.0205,1083.0532
ls-small,6,118,0,2,29.7888,4.2080,466.8958
ls-small,6,119,0,4,67.0518,16.5579,497.5625
ls-small,6,120,0,4,78.3015,25.5731,127.6237
ls-small,6,121,1,4,632.0606,78.3440,1074.0212
ls-small,6,122,0,4,79.4664,11.3920,309.5414
ls-small,6,123,0,2,34.0262,3.7440,241.3843
ls-small,6,124,0,4,68.2620,7.0720,121.9470
ls-small,6,125,0,4,81.8500,18.4105,210.8450
ls-small,6,126,1,4,636.0165,60.1680,1843.2956
ls-small,6,127,1,2,146.1049,18.8320,1806.4879
ls-small,6,128,1,4,752.0946,95.1436,998.2109
ls-small,6,129,0,4,72.1744,12.1037,182.1712
ls-small,6,130,0,4,88.6893,18.7272,113.9579
ls-small,6,131,1,4,605.0625,48.0698,1221.1562
ls-small,6,132,1,4,596.6356,60.6561,1868.3865
ls-small,6,133,1,2,146.1049,27.7280,1820.9838
ls-small,6,136,0,4,76.1963,17.0951,444.2031
ls-small,6,139,0,4,69.4650,6.9760,428.1015
ls-small,6,140,1,4,311.1728,47.2274,1974.3316
ls-small,6,144,0,4,72.2476,10.6560,466.3367
ls-small,6,152,0,2,31.7538,4.3680,483.8187
ls-small,6,154,0,2,28.8688,3.3120,197.7964
ls-small,6,163,1,2,333.1335,19.3600,1813.1107
ls-small,6,168,1,4,393.5150,40.2483,1450.1110
ls-small,6,174,1,2,259.9819,21.8224,837.4539
ls-small,6,176,1,4,466.1122,27.7358,669.8656
ls-small,6,177,1,4,431.5525,70.9887,1803.8996
ls-small,6,179,0,2,33.4333,14.2225,482.9002
ls-small,6,181,1,4,409.7462,65.0100,1319.6779
ls-small,6,186,0,4,75.9070,27.3427,385.2351
ls-small,6,203,1,4,516.8187,58.9148,1879.8348
ls-small,6,212,1,4,433.9224,73.2683,526.4667
ls-small,6,221,0,2,30.9739,3.1360,351.8183
ls-small,6,240,0,4,65.7821,16.9664,429.4333
ls-small,6,247,0,2,30.3860,12.7999,382.9308
ls-small,6,251,0,4,67.0060,16.7095,417.0911
ls-small,6,259,0,2,33.7146,3.8880,378.5591
ls-small,6,262,0,4,71.3063,16.4689,461.8108
ls-small,6,275,1,4,404.1318,60.8698,1669.6481
ls-small,6,277,0,2,37.4826,14.8201,184.6211
ls-small,6,284,0,4,73.5210,17.6099,190.2439
ls-small,6,299,0,2,31.7538,16.6521,157.9096
ls-small,6,329,0,4,73.5210,23.9277,452.7292
ls-small,6,386,0,2,37.4826,8.4714,198.2207
ls-small,6,424,0,2,24.9567,3.0720,336.5126
ls-small,7,0,1,4,706.4995,65.9800,1048.5334
ls-small,7,1,0,4,77.1069,15.2019,127.9422
ls-small,7,2,1,4,505.6952,52.8553,1445.9389
ls-small,7,3,1,4,502.8274,42.8107,569.8740
ls-small,7,4,1,4,454.1950,75.1803,1340.3859
ls-small,7,5,1,4,631.6745,51.5280,646.1459
ls-small,7,6,0,4,73.8073,14.2418,410.8915
ls-small,7,7,1,4,460.0533,39.1062,1691.5692
ls-small,7,8,1,4,561.6149,64.6515,1594.1679
ls-small,7,9,0,4,90.3691,17.4428,160.7938
ls-small,7,10,0,4,88.2381,11.5200,236.0489
ls-small,7,11,1,4,632.0037,56.3330,1917.0216
ls-small,7,12,0,4,104.6035,13.5766,213.8382
ls-small,7,13,0,2,35.4289,4.9120,344.3678
ls-small,7,14,0,4,97.5423,15.2867,259.1591
ls-small,7,15,0,4,104.6035,9.3120,453.3535
ls-small,7,16,0,4,80.9695,17.2618,483.0925
ls-small,7,17,0,2,37.0472,6.6683,104.8252
ls-small,7,18,0,4,67.0045,10.8977,313.8364
ls-small,7,19,1,2,68.8413,17.0720,1849.2995
ls-small,7,20,1,4,399.8595,47.7294,1451.4343
ls-small,7,21,0,4,69.1616,9.1683,143.9713
ls-small,7,22,0,4,89.6943,10.8185,479.5795
ls-small,7,23,0,4,89.2228,13.8692,159.4202
ls-small,7,24,1,4,392.4742,47.8407,1773.4054
ls-small,7,25,1,4,630.5648,42.9200,1624.5109
ls-small,7,26,1,4,603.5698,39.1279,1926.4784
ls-small,7,27,0,4,81.2857,16.3123,491.4005
ls-small,7,28,1,4,525.7964,72.1760,1657.9069
ls-small,7,29,1,2,36.0455,15.3920,1709.1179
ls-small,7,30,0,4,78.1137,12.2637,495.8414
ls-small,7,31,0,4,78.1238,35.3171,278.8911
ls-small,7,32,0,4,70.1196,14.2809,178.6825
ls-small,7,33,1,4,610.5626,71.3362,1863.7988
ls-small,7,34,1,4,627.0729,52.6820,1217.0491
ls-small,7,35,1,4,472.0596,39.5520,1194.7408
ls-small,7,36,0,4,64.1960,14.6610,336.3249
ls-small,7,37,1,4,686.8480,52.7443,733.8686
ls-small,7,38,0,4,98.2586,15.9892,310.6324
ls-small,7,39,1,4,502.6117,27.3308,877.7522
ls-small,7,40,0,4,82.7473,17.9751,317.7411
ls-small,7,41,1,2,143.3464,22.6880,1740.7095
ls-small,7,42,1,4,702.9103,59.2848,1664.7592
ls-small,7,43,1,4,510.1190,42.8993,1210.2394
ls-small,7,44,0,4,81.4689,16.8227,413.7090
ls-small,7,45,0,4,81.4689,14.5322,408.9044
ls-small,7,46,1,4,500.1308,57.0223,988.4205
ls-small,7,47,0,2,27.5002,7.2156,303.1007
ls-small,7,48,1,4,538.8121,50.8480,1759.9997
ls-small,7,49,0,4,77.0795,15.4381,368.4622
ls-small,7,50,0,4,87.5145,12.2966,475.8019
ls-small,7,51,0,4,89.7937,16.3913,398.6728
ls-small,7,52,1,4,370.1986,26.3478,1559.4853
ls-small,7,53,1,4,443.8758,37.5574,638.2910
ls-small,7,54,1,4,655.0940,46.2714,1076.5168
ls-small,7,55,1,4,456.3519,26.5600,1957.5439
ls-small,7,56,0,2,37.7752,3.1840,402.3106
ls-small,7,57,1,4,631.5863,53.8235,634.1933
ls-small,7,58,1,4,360.4174,22.3680,1451.6593
ls-small,7,59,1,4,564.1428,52.2869,1794.1625
ls-small,7,60,1,4,653.6552,49.6400,1432.5552
ls-small,7,61,1,4,463.5159,50.7200,892.8429
ls-small,7,62,1,2,108.6446,23.2945,934.9413
ls-small,7,63,0,4,62.1193,6.1760,106.1384
ls-small,7,64,1,2,210.6557,18.4160,1901.9643
ls-small,7,65,1,4,413.3982,46.3600,1531.6126
ls-small,7,66,0,4,78.3829,11.8080,261.8791
ls-small,7,67,1,4,557.8022,63.1639,1146.1111
ls-small,7,68,1,2,222.5882,16.2400,1539.0283
ls-small,7,69,0,4,76.6108,21.2038,205.2972
ls-small,7,70,1,4,539.7059,71.5084,1034.8759
ls-small,7,71,1,4,336.5694,35.5520,872.2691
ls-small,7,72,0,2,36.3352,3.3760,334.7203
ls-small,7,73,0,4,83.8538,11.5383,334.2333
ls-small,7,74,1,4,702.9103,59.5328,1581.0159
ls-small,7,75,0,4,85.9054,12.6270,117.5152
ls-small,7,76,1,4,487.0755,55.7782,1739.6137
ls-small,7,77,0,4,71.5948,11.8538,483.8064
ls-small,7,78,1,2,175.0897,20.2720,1233.9415
ls-small,7,79,1,4,362.8205,44.5120,1618.5919
ls-small,7,80,1,4,480.0499,76.3528,1594.0026
ls-small,7,81,1,2,187.1053,47.3978,1768.2969
ls-small,7,82,1,4,616.2057,41.1988,616.2077
ls-small,7,83,0,4,72.5339,12.1280,348.4603
ls-small,7,84,1,2,240.6383,18.7245,1538.2778
ls-small,7,85,1,4,380.1839,35.6800,1199.5087
ls-small,7,86,0,4,81.4689,6.7200,215.8356
ls-small,7,87,1,4,553.9760,56.5475,814.7558
ls-small,7,88,1,4,662.0679,67.0165,698.9076
ls-small,7,89,1,4,556.2179,51.0317,1246.8319
ls-small,7,90,0,4,84.7023,6.0480,262.1677
ls-small,7,91,1,4,502.6117,47.5680,502.6121
ls-small,7,92,0,2,35.5816,3.8240,460.6266
ls-small,7,93,1,2,209.7738,16.4320,1041.0640
ls-small,7,94,1,4,631.5863,46.5184,1752.0140
ls-small,7,95,0,4,101.7091,12.5400,175.9396
ls-small,7,96,1,2,205.0228,23.2960,1579.3589
ls-small,7,98,0,4,98.2586,11.1440,219.1087
ls-small,7,99,1,4,444.1075,36.3200,679.6138
ls-small,7,100,0,4,85.4011,30.0803,281.1944
ls-small,7,101,1,2,195.9619,42.5561,636.0718
ls-small,7,102,0,4,88.4005,19.2437,423.7434
ls-small,7,103,1,4,690.0890,46.8042,1618.7608
ls-small,7,104,0,4,78.7219,35.7352,211.0065
ls-small,7,105,1,4,688.2869,40.9138,906.5313
ls-small,7,106,1,4,441.5795,60.5420,1773.0255
ls-small,7,107,0,2,38.8783,13.8184,100.0715
ls-small,7,108,1,4,568.8638,65.6319,1674.6608
ls-small,7,109,0,4,93.0402,29.2802,134.0014
ls-small,7,110,1,2,250.6094,25.7415,1943.6523
ls-small,7,111,1,4,541.3401,62.4414,605.5279
ls-small,7,112,0,2,31.5045,4.0800,104.1847
ls-small,7,113,0,4,82.2512,8.7529,290.1217
ls-small,7,114,0,4,88.1111,13.1981,122.1235
ls-small,7,115,1,4,610.5626,45.6504,885.8842
ls-small,7,116,0,2,31.5569,4.8077,387.3329
ls-small,7,117,0,2,32.0456,12.0989,182.0874
ls-small,7,118,1,2,188.4095,23.2720,832.1642
ls-small,7,119,1,4,627.8355,36.2240,1227.5791
ls-small,7,120,1,2,260.1130,13.1084,1961.1796
ls-small,7,121,0,4,77.0795,16.4874,279.8568
ls-small,7,122,1,4,666.9192,84.9043,786.0253
ls-small,7,123,0,4,74.1016,21.0068,435.6508
ls-small,7,124,0,2,38.5681,10.0990,132.3052
ls-small,7,125,1,4,707.2382,61.3747,1034.9438
ls-small,7,126,0,4,84.3216,24.9030,249.0858
ls-small,7,127,1,4,435.1874,44.1600,1447.4932
ls-small,7,128,0,4,79.3927,12.0963,421.3352
ls-small,7,129,0,4,71.2817,6.5600,245.1897
ls-small,7,130,0,4,92.3573,17.7601,469.6912
ls-small,7,131,1,4,634.2230,58.9607,1739.0275
ls-small,7,132,1,4,602.9741,59.7280,1870.3159
ls-small,7,135,1,4,482.0978,33.4004,1111.6352
ls-small,7,136,1,4,525.7456,37.3200,1825.2119
ls-small,7,138,0,4,65.5115,14.1812,399.1908
ls-small,7,139,0,4,64.8218,10.6880,201.6226
ls-small,7,140,1,2,120.9320,13.0400,729.9833
ls-small,7,141,1,4,335.3266,32.9600,1260.9868
ls-small,7,142,1,4,583.2485,39.1164,1212.1441
ls-small,7,144,0,4,75.3434,13.6023,279.6455
ls-small,7,145,0,4,87.6412,10.9120,187.0582
ls-small,7,146,0,2,31.0358,7.2358,339.7693
ls-small,7,151,1,4,384.1851,33.5680,1796.3696
ls-small,7,152,1,4,436.6263,33.2480,1151.2463
ls-small,7,154,0,4,96.7411,16.6002,135.6124
ls-small,7,157,0,2,28.1966,9.3708,121.3498
ls-small,7,158,1,4,648.1026,72.3800,1431.5796
ls-small,7,165,0,4,84.5323,27.0828,136.6853
ls-small,7,167,0,4,87.1588,12.1920,361.0983
ls-small,7,170,0,4,72.9227,17.0706,157.4289
ls-small,7,172,0,4,69.1616,7.3600,371.8720
ls-small,7,173,1,4,465.7653,38.8132,1454.4780
ls-small,7,175,0,2,35.4289,7.7721,244.1006
ls-small,7,179,1,2,260.1130,28.5151,581.5895
ls-small,7,181,0,4,77.4074,20.2072,163.4494
ls-small,7,186,0,2,34.1850,5.2865,156.9066
ls-small,7,189,0,2,35.2961,9.8877,190.3794
ls-small,7,194,1,4,481.2726,100.8271,1759.5669
ls-small,7,196,0,4,78.2599,17.0745,110.7610
ls-small,7,198,1,2,222.5882,11.0720,1726.3424
ls-small,7,212,1,4,558.0850,52.1920,690.3208
ls-small,7,220,0,4,85.6613,9.6000,300.1946
ls-small,7,226,1,4,673.3067,69.7987,876.8347
ls-small,7,232,1,2,145.0323,30.0461,1612.2059
ls-small,7,253,1,4,631.5863,64.1600,1032.7678
ls-small,7,275,1,4,515.5499,56.0094,894.5668
ls-small,7,443,0,2,31.6604,5.6088,224.5028
ls-small,7,518,0,4,99.4185,18.3824,310.3260
ls-small,7,642,0,2,32.9021,3.2320,282.8326
ls-small,7,719,0,2,32.3096,3.0880,418.8607
ls-small,8,0,1,4,627.7734,55.4443,627.7779
ls-small,8,1,0,4,95.2309,11.2960,294.9608
ls-small,8,2,1,4,499.0709,58.0598,1227.6492
ls-small,8,3,1,4,483.6339,35.5200,1494.4433
ls-small,8,4,1,2,165.9325,23.5840,1491.2648
ls-small,8,5,1,4,302.6644,45.3784,1410.0748
ls-small,8,6,1,4,415.4100,41.1972,1593.4122
ls-small,8,7,1,4,481.2087,57.0503,737.4496
ls-small,8,8,1,4,504.0299,36.8400,1255.4321
ls-small,8,9,0,2,32.9553,5.1840,423.2488
ls-small,8,10,0,2,32.7651,9.1292,237.2925
ls-small,8,11,1,4,431.2836,50.5680,762.8765
ls-small,8,12,0,4,66.8468,12.8862,489.2296
ls-small,8,13,0,2,36.4353,4.5760,327.6503
ls-small,8,14,1,4,492.6370,45.5565,620.2093
ls-small,8,15,1,4,453.7348,42.5565,1646.4200
ls-small,8,16,0,4,59.2954,13.5697,492.0286
ls-small,8,17,0,4,55.8928,21.8264,363.2829
ls-small,8,18,1,4,472.6170,56.4570,1468.7697
ls-small,8,19,0,4,62.4627,14.3145,171.1192
ls-small,8,20,0,2,28.7825,3.8400,298.8832
ls-small,8,21,1,4,476.4837,48.7569,1579.0195
ls-small,8,22,1,4,428.4552,56.1106,1183.0044
ls-small,8,23,0,4,63.8862,10.5208,390.0564
ls-small,8,24,1,4,432.0541,54.3160,1967.9809
ls-small,8,25,1,2,233.5935,19.3120,986.1633
ls-small,8,26,1,4,443.6408,24.2400,1863.2769
ls-small,8,27,0,2,28.4344,6.8566,490.7214
ls-small,8,28,1,2,148.8751,46.0282,1477.0750
ls-small,8,29,1,4,391.1361,32.3840,935.7430
ls-small,8,30,1,4,583.4128,59.8560,1509.6386
ls-small,8,31,1,4,581.0935,64.0960,745.1709
ls-small,8,32,1,4,607.7508,56.7120,1980.0986
ls-small,8,33,0,4,100.2549,18.0861,244.5442
ls-small,8,34,1,4,504.3908,37.7425,1051.9107
ls-small,8,35,1,4,366.1648,60.1360,1880.6766
ls-small,8,36,1,2,59.4765,21.2160,643.1537
ls-small,8,37,1,4,481.2087,37.6960,1797.5156
ls-small,8,38,1,4,431.4693,72.9291,1480.4633
ls-small,8,39,1,4,377.7621,73.2552,833.4944
ls-small,8,40,0,2,27.4028,9.5787,273.8234
ls-small,8,41,1,2,204.6612,16.6115,649.6642
ls-small,8,42,0,4,67.5498,7.4880,143.6040
ls-small,8,43,1,4,330.3518,51.8194,1339.2170
ls-small,8,44,1,4,473.9060,44.0960,1344.2591
ls-small,8,45,1,2,114.5711,17.2400,827.0538
ls-small,8,46,0,4,92.5880,9.6320,334.2243
ls-small,8,47,1,4,615.1108,72.7040,1538.1775
ls-small,8,48,1,4,618.6074,82.6847,899.1666
ls-small,8,49,1,4,476.4837,51.8568,1710.3606
ls-small,8,50,1,2,165.0121,34.2854,686.3983
ls-small,8,51,0,4,64.2515,9.0880,238.8179
ls-small,8,52,1,2,116.5949,15.7134,1173.3724
ls-small,8,53,1,4,376.5861,58.5323,1998.6162
ls-small,8,54,1,4,458.2238,38.6400,1475.3008
ls-small,8,55,1,4,468.4500,59.7427,1899.0266
ls-small,8,56,1,2,172.3513,29.2628,1893.2027
ls-small,8,57,0,4,57.9747,20.3850,293.4377
ls-small,8,58,0,2,34.6211,7.3138,414.3675
ls-small,8,59,1,4,481.2087,37.7587,934.3721
ls-small,8,60,1,4,488.4327,30.9266,1011.5373
ls-small,8,61,1,4,440.5093,56.1353,1205.0456
ls-small,8,62,1,4,406.9241,49.6559,1256.3419
ls-small,8,63,1,2,167.6852,20.8960,721.0105
ls-small,8,64,1,4,520.9344,46.7645,520.9352
ls-small,8,65,1,4,303.1930,21.7315,1606.4064
ls-small,8,66,1,4,517.1712,20.3520,993.6043
ls-small,8,67,0,4,57.3958,13.3739,306.5105
ls-small,8,68,1,4,581.0935,44.7680,1137.6778
ls-small,8,69,0,2,32.2628,5.9200,474.4808
ls-small,8,70,0,4,64.5395,11.7120,496.1730
ls-small,8,71,1,4,431.2117,42.4562,582.7988
ls-small,8,72,1,2,208.5014,21.6478,1692.0207
ls-small,8,73,0,4,89.1080,34.2665,386.2964
ls-small,8,74,1,4,302.6644,31.5840,1839.4970
ls-small,8,75,1,2,209.4307,24.2400,1425.1704
ls-small,8,76,0,4,67.4760,8.8000,322.1071
ls-small,8,77,1,4,576.6192,59.0720,1531.4079
ls-small,8,78,0,4,56.8366,16.0400,364.3383
ls-small,8,79,1,4,583.4128,61.7200,1033.5104
ls-small,8,80,0,4,80.1573,13.1017,264.5151
ls-small,8,81,1,4,461.7705,52.4892,1632.6187
ls-small,8,82,1,2,233.5935,21.5520,1417.1204
ls-small,8,83,1,2,146.0953,14.5120,797.4298
ls-small,8,84,1,2,127.2131,27.9680,1407.9313
ls-small,8,85,1,4,607.7508,71.7920,1755.6814
ls-small,8,86,1,4,467.1685,59.9060,1909.6074
ls-small,8,87,1,2,207.6995,34.3808,1360.5603
ls-small,8,88,1,2,233.5935,20.0000,1349.7267
ls-small,8,89,1,4,324.5165,25.9840,1622.5734
ls-small,8,91,1,4,425.3024,82.9966,927.5340
ls-small,8,92,1,4,581.0935,74.8844,602.3696
ls-small,8,94,1,2,188.3956,47.8948,1279.8345
ls-small,8,95,1,4,425.4623,50.6722,1165.3300
ls-small,8,101,1,4,407.9736,52.2110,1257.7963
ls-small,8,103,0,4,60.6766,8.5176,439.6636
ls-small,8,104,1,4,382.8442,48.6400,1160.4133
ls-small,8,106,1,2,274.5306,16.2245,1339.5855
ls-small,8,109,0,4,75.5389,15.1635,154.9250
ls-small,8,111,0,4,75.4909,14.6555,112.0174
ls-small,8,112,1,2,143.3247,21.7520,839.3592
ls-small,8,113,1,4,426.5847,45.7768,1788.0496
ls-small,8,117,1,4,565.8259,49.5082,1045.6515
ls-small,8,121,0,4,70.5741,22.8638,409.4320
ls-small,8,122,1,2,100.6849,31.0880,1108.1282
ls-small,8,123,1,2,98.9537,16.9600,1761.4846
ls-small,8,127,1,4,576.6192,37.8135,591.5474
ls-small,8,129,0,2,30.6130,3.2640,328.2359
ls-small,8,130,1,4,451.0751,28.5551,941.2543
ls-small,8,131,0,4,66.5867,6.8480,410.4693
ls-small,8,132,1,4,332.3174,32.4345,1020.3665
ls-small,8,134,0,4,83.5108,13.7351,261.5874
ls-small,8,135,1,4,458.2238,48.8160,1870.1597
ls-small,8,137,1,4,525.6634,52.3210,962.5944
ls-small,8,148,0,2,27.4540,4.7338,278.7226
ls-small,8,149,0,4,87.5240,16.6074,162.3142
ls-small,8,153,1,4,442.6385,70.8712,1523.6474
ls-small,8,156,0,4,71.3591,9.9144,409.1584
ls-small,8,157,0,2,31.4908,4.3840,485.0623
ls-small,8,160,1,2,119.7870,22.4107,947.2021
ls-small,8,161,0,4,70.2427,22.6774,271.5582
ls-small,8,163,0,4,100.2549,17.6793,414.8918
ls-small,8,176,0,2,32.7651,5.6640,185.7870
ls-small,8,180,1,2,140.7121,23.4560,1034.8084
ls-small,8,182,1,4,586.7018,56.5146,710.2619
ls-small,8,185,1,4,504.3908,46.8927,1553.0317
ls-small,8,187,1,4,461.9609,38.5120,1941.5303
ls-small,8,192,1,4,442.6385,56.6771,1559.6409
ls-small,8,199,0,2,23.6756,9.2934,344.8336
ls-small,8,203,0,4,87.1940,13.7019,192.4106
ls-small,8,215,1,2,131.2797,14.4640,559.5488
ls-small,8,216,0,4,87.5240,6.2720,377.3786
ls-small,8,227,0,4,83.9192,10.9760,142.5414
ls-small,8,230,0,4,72.5738,19.4953,116.9643
ls-small,8,279,0,4,100.2549,11.6480,110.6209
ls-small,8,665,0,2,30.3055,3.6320,256.3927
ls-small,9,0,0,2,29.4464,7.2241,235.3302
ls-small,9,1,1,4,513.8457,79.8549,754.1213
ls-small,9,2,0,2,35.5311,7.1404,152.9702
ls-small,9,3,1,4,475.9860,57.4731,807.4402
ls-small,9,4,1,4,314.2870,46.2684,1094.8144
ls-small,9,5,0,4,63.9878,13.4663,458.3251
ls-small,9,6,0,4,67.6432,9.5040,485.6050
ls-small,9,7,1,2,232.7617,22.0917,512.3788
ls-small,9,8,1,2,214.9255,14.4080,1306.3815
ls-small,9,9,0,4,71.5342,8.5941,380.3391
ls-small,9,10,1,4,529.5936,51.9087,904.9918
ls-small,9,11,1,4,355.4527,50.2948,1802.9901
ls-small,9,12,0,4,67.5587,23.0096,438.2663
ls-small,9,13,1,2,450.4801,79.7449,664.9489
ls-small,9,14,1,4,573.8665,41.7992,1068.4164
ls-small,9,15,0,4,59.3925,13.0049,277.6058
ls-small,9,16,1,4,538.0857,33.2464,538.0866
ls-small,9,17,1,4,552.2823,45.7330,1137.5105
ls-small,9,18,1,4,383.5809,44.8611,708.7036
ls-small,9,19,1,2,145.0619,24.3360,575.7556
ls-small,9,20,1,2,194.4807,11.9680,573.2396
ls-small,9,21,1,4,359.1260,43.7383,927.5156
ls-small,9,22,0,2,31.7770,3.3760,378.3953
ls-small,9,23,1,4,439.9349,43.0400,1494.7825
ls-small,9,24,1,4,857.7557,79.6843,1293.2566
ls-small,9,25,0,4,65.5685,16.7658,170.3402
ls-small,9,26,1,4,627.3611,43.4541,1322.9293
ls-small,9,27,1,4,602.2677,62.5200,1316.5306
ls-small,9,28,1,2,545.3988,75.6935,596.4791
ls-small,9,29,0,4,71.5995,16.1385,124.1787
ls-small,9,30,1,2,134.4473,31.3784,1056.8456
ls-small,9,31,1,2,353.7445,14.5533,1517.0839
ls-small,9,32,0,4,60.4116,21.3328,133.7652
ls-small,9,33,1,4,593.5298,37.9200,1555.3168
ls-small,9,34,0,4,71.0279,19.0714,481.6158
ls-small,9,35,1,4,491.4821,50.1294,1839.0330
ls-small,9,36,1,4,545.1742,26.6104,665.9095
ls-small,9,37,1,2,200.3641,37.9760,655.4302
ls-small,9,38,1,4,441.1722,43.3000,854.2297
ls-small,9,39,1,4,676.7564,26.6501,1915.8529
ls-small,9,40,1,2,232.7617,35.5493,1213.3669
ls-small,9,41,1,4,482.2458,49.9118,950.2231
ls-small,9,42,1,4,555.8395,59.3669,1814.8632
ls-small,9,43,0,4,63.3133,22.9921,341.6682
ls-small,9,44,1,2,248.7024,41.7440,813.3986
ls-small,9,45,1,2,273.1921,29.0000,1077.5344
ls-small,9,46,0,2,28.3267,3.3920,317.5526
ls-small,9,47,1,4,787.9521,46.2759,1006.7698
ls-small,9,48,0,2,29.2227,6.8896,107.6487
ls-small,9,49,1,4,552.2823,58.1036,1194.8541
ls-small,9,50,1,4,514.3319,45.3971,516.2047
ls-small,9,51,0,4,63.9878,8.7360,303.8457
ls-small,9,52,1,4,782.5606,57.3840,1038.4904
ls-small,9,53,1,2,228.3091,31.7616,1356.1582
ls-small,9,54,1,4,514.3319,24.8000,1283.8162
ls-small,9,55,0,4,58.9022,13.9372,291.5236
ls-small,9,56,1,2,149.7306,22.2560,1318.1165
ls-small,9,57,1,4,414.9590,60.9280,701.8252
ls-small,9,58,0,4,60.9728,16.6756,435.6645
ls-small,9,59,0,4,70.4099,27.7795,298.4818
ls-small,9,60,1,4,491.4255,50.9000,1448.2186
ls-small,9,61,0,4,60.9728,7.3920,456.3778
ls-small,9,62,1,2,327.1888,55.2786,1899.2998
ls-small,9,63,1,4,535.9242,61.9767,584.7383
ls-small,9,64,1,2,411.8626,44.0476,1560.7396
ls-small,9,65,1,4,558.7389,41.9381,1181.0470
ls-small,9,66,0,4,72.4573,16.1352,354.8309
ls-small,9,67,1,2,450.4801,44.4548,549.5959
ls-small,9,68,0,4,68.0067,22.1034,434.4211
ls-small,9,69,1,4,398.3861,52.1537,1060.7180
ls-small,9,70,0,4,58.3887,9.8616,358.6884
ls-small,9,71,1,4,534.4989,23.4150,797.0324
ls-small,9,72,1,4,455.8568,27.6646,1503.1055
ls-small,9,73,1,4,550.4245,67.9479,1339.3372
ls-small,9,74,1,4,262.1496,30.2374,570.3417
ls-small,9,75,1,4,678.7408,58.2557,1029.5047
ls-small,9,76,1,2,194.4804,21.6000,588.6863
ls-small,9,77,1,4,491.4821,59.3315,1553.9545
ls-small,9,78,1,4,548.8792,36.8960,741.7921
ls-small,9,79,0,4,68.0978,18.2394,419.0777
ls-small,9,80,1,4,552.2823,31.7860,1731.2667
ls-small,9,81,0,4,67.2334,20.2923,497.4458
ls-small,9,82,1,4,273.3708,33.2182,1698.1419
ls-small,9,83,1,2,204.5859,15.0560,1085.1701
ls-small,9,84,1,4,365.2268,35.4240,863.1393
ls-small,9,85,0,4,66.1986,26.9824,276.2299
ls-small,9,86,1,4,296.3694,46.2534,1290.2433
ls-small,9,87,1,4,399.3573,33.7920,957.7103
ls-small,9,88,1,4,414.0885,50.7307,587.6662
ls-small,9,89,1,2,315.5511,18.1349,611.2958
ls-small,9,90,1,4,414.1575,51.6400,1546.0240
ls-small,9,91,1,2,315.5511,39.7440,1156.9393
ls-small,9,92,1,4,475.9860,49.2870,913.2671
ls-small,9,93,1,4,507.4024,60.2000,1659.1299
ls-small,9,94,1,4,556.0906,49.1345,622.9690
ls-small,9,95,1,4,558.7389,95.4850,1692.1096
ls-small,9,96,1,4,247.9705,28.0080,848.9993
ls-small,9,97,1,4,496.4278,32.7759,1747.3157
ls-small,9,101,0,2,39.4350,8.1793,297.2103
ls-small,9,103,0,4,67.0440,7.2640,400.6862
ls-small,9,105,1,4,782.5606,92.8214,831.1204
ls-small,9,108,0,4,64.7657,18.5431,247.2517
ls-small,9,112,0,4,65.7671,21.8163,290.7501
ls-small,9,114,1,4,690.4875,75.8048,1916.2018
ls-small,9,115,0,2,33.9186,4.4000,397.1176
ls-small,9,116,0,4,63.7535,18.5816,390.2560
ls-small,9,117,1,2,181.8668,34.6160,1708.7406
ls-small,9,119,1,4,431.1676,45.0524,1388.2987
ls-small,9,127,0,2,34.2364,4.5280,305.3301
ls-small,9,133,1,4,576.6364,52.1479,576.6425
ls-small,9,135,0,4,69.1374,14.2541,446.6974
ls-small,9,143,1,2,143.5855,15.5360,1675.8402
ls-small,9,144,0,4,66.6455,8.8640,329.3372
ls-small,9,146,1,4,832.6027,56.5722,1640.3391
ls-small,9,148,1,2,327.1888,48.6561,773.4765
ls-small,9,158,0,4,68.7133,6.1440,226.2826
ls-small,9,166,1,4,624.2212,34.1543,1142.5775
ls-small,9,173,1,2,141.9240,28.0079,721.6650
ls-small,9,174,1,4,710.9177,52.1905,1577.0571
ls-small,9,185,0,4,74.5054,14.1578,490.5532
ls-small,9,186,1,4,595.8599,73.3076,1972.9419
ls-small,9,195,0,2,33.9186,3.4560,356.1608
ls-small,9,199,1,2,240.6266,21.9760,891.0246
ls-small,9,200,1,4,530.0474,53.8185,1051.6064
ls-small,9,206,0,2,39.5424,5.3440,412.7107
ls-small,9,222,1,2,224.0174,47.0244,1150.2203
ls-small,9,233,0,4,69.2699,8.7902,191.5193
ls-small,9,257,1,2,487.2807,43.6251,1954.8977
ls-small,9,300,1,2,198.2703,29.0960,1792.6970
ls-small,9,310,1,2,224.2685,15.1978,1297.8401
ls-small,9,312,1,2,327.1888,20.6880,566.9175
ls-small,9,333,1,4,736.2033,44.1441,1915.4465
ls-small,9,365,0,2,31.4181,5.2640,472.4746
ls-small,9,405,1,2,340.4427,21.9200,533.3264
ls-small,9,418,1,2,198.2703,33.4569,866.1904
ls-small,9,422,1,2,545.3988,38.8897,1048.2339
ls-small,9,452,1,2,340.4427,35.9840,725.9799
ls-small,9,481,1,2,487.2807,38.8310,1458.4165
ls-small,9,497,1,2,545.3988,37.9110,1324.0197
ls-small,9,505,1,2,545.3988,29.3475,549.8671
ls-small,9,521,1,4,857.7557,64.3944,921.1620
ls-small,9,530,0,2,39.5424,12.8326,293.3955
ls-small,9,547,0,2,32.8810,10.5551,459.4897
ls-small,9,595,1,2,545.3988,52.5749,1872.2198
ls-small,9,628,1,2,487.2807,52.5978,557.6832
ls-small,9,657,1,4,857.7557,36.9874,1924.6089
ls-small,9,663,1,4,656.3661,26.9440,675.6438
ls-small,9,679,1,2,450.4801,21.9487,1829.2100
ls-small,9,681,0,2,30.2875,21.4317,255.1388
ls-small,9,692,0,2,32.8810,12.4173,313.8684
ls-small,9,700,1,4,656.3661,55.2230,1907.7518
ls-small,9,722,1,4,820.9551,73.1995,1032.6301
ls-small,9,761,1,2,340.4427,34.2110,1003.9104
ls-small,9,784,1,2,224.2685,54.2181,1024.9944
ls-small,9,795,0,2,39.5424,8.8852,494.5152
ls-small,9,826,1,2,327.1888,60.1797,778.6747
ls-small,9,843,1,2,545.3988,31.4480,1596.6756
ls-small,9,848,1,2,224.2685,64.6969,546.1022
ls-small,9,921,1,2,340.4427,35.9739,1822.0976
ls-small,9,928,1,2,224.2685,26.3085,1777.7052
ls-small,9,941,1,2,203.5826,20.4080,793.5108
ls-small,9,965,0,2,34.8510,9.4109,458.4898
ls-large,0,0,0,4,65.1573,18.1460,467.2937
ls-large,0,1,1,4,404.1639,65.7553,922.7568
ls-large,0,2,1,4,646.8392,94.5046,648.1450
ls-large,0,3,1,4,425.2437,28.1200,974.2950
ls-large,0,4,1,4,465.6564,52.7221,1707.5417
ls-large,0,5,0,4,67.7941,12.6041,344.7588
ls-large,0,6,1,4,426.9703,48.8410,1875.5285
ls-large,0,7,1,4,331.0713,29.9876,620.6687
ls-large,0,8,1,4,284.8989,44.0400,1326.9009
ls-large,0,9,1,4,561.5903,69.0560,1167.4835
ls-large,0,10,1,4,333.6831,27.9040,784.0870
ls-large,0,11,1,4,386.1198,61.9680,603.6279
ls-large,0,12,1,2,144.6716,34.6880,1756.7978
ls-large,0,13,1,4,580.3935,50.1116,1369.5425
ls-large,0,14,1,4,420.0262,60.4265,986.4873
ls-large,0,15,1,4,524.3135,42.3958,524.3135
ls-large,0,16,1,4,454.9196,39.2000,1139.1967
ls-large,0,17,1,4,353.7509,56.3756,1725.6805
ls-large,0,18,1,4,518.8660,37.5884,1409.5076
ls-large,0,19,1,4,520.8762,35.8978,1408.2563
ls-large,0,20,1,2,177.9735,20.7955,1905.4537
ls-large,0,21,1,4,428.4202,23.2960,831.2439
ls-large,0,22,1,4,421.4385,30.8806,1394.7274
ls-large,0,23,0,4,63.7956,12.0320,379.0788
ls-large,0,24,1,4,396.5318,30.4800,1294.2113
ls-large,0,25,1,4,721.8527,72.6374,1207.4381
ls-large,0,26,1,4,520.6492,68.8080,1082.9634
ls-large,0,27,1,4,301.0961,23.5358,1003.8748
ls-large,0,28,0,4,62.6039,8.0000,344.0543
ls-large,0,29,1,4,524.8070,66.7483,1082.0259
ls-large,0,30,0,4,59.4481,7.6160,164.0319
ls-large,0,31,1,4,278.8551,48.6720,1103.4006
ls-large,0,32,1,4,385.8464,45.2218,1168.0283
ls-large,0,33,1,4,365.6093,48.9920,1825.8127
ls-large,0,34,1,4,424.4111,55.7795,782.0019
ls-large,0,35,1,2,179.0098,23.8640,505.0892
ls-large,0,36,1,4,443.2282,34.2697,1810.4807
ls-large,0,37,0,4,55.2115,18.7977,108.7382
ls-large,0,38,1,4,454.1045,24.3520,1807.7958
ls-large,0,39,0,4,66.2955,7.7120,323.3423
ls-large,0,40,1,4,531.4672,30.7488,1460.2118
ls-large,0,41,0,4,60.8693,9.5887,103.5588
ls-large,0,42,1,4,392.2461,46.7462,1007.3840
ls-large,0,43,0,4,64.7910,26.4872,244.3626
ls-large,0,44,0,4,77.5150,11.0887,473.5016
ls-large,0,45,1,4,438.9225,53.8400,1104.7537
ls-large,0,46,1,4,550.5740,53.8883,1005.6208
ls-large,0,47,1,4,415.2390,53.8480,556.7366
ls-large,0,48,1,4,447.0899,40.5120,598.7520
ls-large,0,49,1,4,380.6403,23.6713,647.1148
ls-large,0,50,0,4,70.8739,15.0097,269.2152
ls-large,0,51,1,4,463.7939,36.0163,787.9175
ls-large,0,52,1,4,525.1082,67.3202,1628.6576
ls-large,0,53,1,4,379.0314,47.4411,1995.5607
ls-large,0,54,0,4,57.8560,7.6480,244.6568
ls-large,0,55,1,2,179.6854,33.5440,1457.5453
ls-large,0,56,1,4,560.2106,81.2159,1997.2746
ls-large,0,57,1,4,356.6033,41.7540,1558.3906
ls-large,0,58,1,4,498.9059,48.6400,1763.5000
ls-large,0,59,1,4,654.1268,48.4963,1699.9187
ls-large,0,60,0,4,80.0828,21.6342,106.1141
ls-large,0,61,1,4,513.4815,56.7600,1952.8974
ls-large,0,62,1,4,412.1129,47.9869,1517.8570
ls-large,0,63,1,4,666.6855,50.9733,934.4962
ls-large,0,64,1,4,331.5649,36.5827,1776.9749
ls-large,0,65,1,2,104.4655,21.4160,598.4313
ls-large,0,66,1,2,264.7691,17.0500,745.6931
ls-large,0,67,0,4,57.0320,13.8697,292.5322
ls-large,0,68,1,4,588.7221,56.5826,1715.4327
ls-large,0,69,0,4,68.5238,14.5125,118.8132
ls-large,0,70,0,4,66.1421,10.9440,351.9865
ls-large,0,71,1,4,466.1974,42.7720,666.4954
ls-large,0,72,1,4,452.4383,47.9208,1954.2281
ls-large,0,73,1,4,684.0798,36.4751,1875.3311
ls-large,0,74,1,4,513.1693,47.5944,1166.8694
ls-large,0,75,1,4,363.9389,40.8233,1852.8913
ls-large,0,76,0,4,57.9801,11.9250,191.8621
ls-large,0,77,1,2,277.4693,32.6445,1138.9554
ls-large,0,78,1,4,487.7192,66.7001,594.3842
ls-large,0,79,1,4,402.7630,25.2400,1529.6272
ls-large,0,80,1,4,439.5338,70.6120,617.8078
ls-large,0,81,1,4,390.1527,25.2000,766.8615
ls-large,0,82,0,4,64.6791,11.0914,181.9163
ls-large,0,83,0,4,59.8067,12.6225,443.6702
ls-large,0,84,0,4,67.8712,12.3494,152.0631
ls-large,0,85,1,4,403.5813,63.3200,1905.6903
ls-large,0,86,0,4,64.3871,26.6482,162.5612
ls-large,0,87,1,2,193.2810,17.5921,1632.2876
ls-large,0,88,1,4,365.6949,33.8032,1090.7018
ls-large,0,89,1,4,362.6781,44.9336,1386.6148
ls-large,0,90,0,4,63.3087,17.2381,354.8178
ls-large,0,91,1,4,570.5323,34.6465,1161.9461
ls-large,0,92,1,4,580.5256,43.0284,915.4554
ls-large,0,93,1,2,304.9240,33.5360,778.0710
ls-large,0,94,0,2,29.0348,6.8400,242.1470
ls-large,0,95,1,4,501.1883,61.0374,1428.1033
ls-large,0,96,0,4,57.8879,11.2000,269.6836
ls-large,0,97,1,4,626.1663,80.9161,920.1326
ls-large,0,98,0,4,63.0536,11.7201,202.6303
ls-large,0,99,1,4,600.5323,49.0160,1030.7330
ls-large,0,100,0,4,50.3822,23.9390,313.4555
ls-large,0,101,1,4,513.1693,56.0441,1122.2456
ls-large,0,102,0,4,62.5945,22.9580,312.5503
ls-large,0,103,1,4,485.0386,66.0480,1163.5469
ls-large,0,104,0,4,66.9028,18.1488,260.4866
ls-large,0,105,1,4,285.0463,36.2400,1613.5182
ls-large,0,106,1,4,453.7293,44.5200,1478.0817
ls-large,0,107,1,4,319.1288,44.4160,1831.0028
ls-large,0,108,1,4,442.2063,32.8000,1530.3434
ls-large,0,109,0,4,58.1180,15.4749,499.8741
ls-large,0,110,0,4,63.2747,10.7200,142.1841
ls-large,0,111,1,4,428.3329,48.2320,722.0289
ls-large,0,112,1,4,577.5779,32.5200,1023.7508
ls-large,0,113,1,4,428.2727,45.8402,1158.9081
ls-large,0,114,1,4,416.6790,51.2092,851.0439
ls-large,0,115,1,4,401.8113,57.7142,1416.1698
ls-large,0,116,1,4,467.4360,44.9600,1117.1485
ls-large,0,117,1,4,484.6312,69.3760,1235.3031
ls-large,0,118,1,4,504.2833,22.0848,744.2863
ls-large,0,119,1,4,554.4845,51.2903,1520.7560
ls-large,0,120,1,4,310.6944,29.2981,1009.2556
ls-large,0,121,1,4,466.9560,64.0448,1303.8517
ls-large,0,122,0,4,58.8152,11.0635,132.0464
ls-large,0,123,0,4,82.6753,19.0272,224.8928
ls-large,0,124,1,4,407.5482,48.5440,958.7221
ls-large,0,125,0,4,75.5239,11.9201,118.9874
ls-large,0,126,1,4,425.7146,40.2077,861.7166
ls-large,0,127,1,4,324.3841,26.9760,1727.0130
ls-large,0,128,0,4,67.4903,13.5423,188.0202
ls-large,0,129,1,4,303.2923,41.8000,1415.1230
ls-large,0,130,1,4,557.4989,56.5040,908.8193
ls-large,0,131,1,4,398.4763,45.9147,1599.3275
ls-large,0,132,0,4,67.9049,12.0640,396.7686
ls-large,0,133,1,4,492.6234,36.6581,677.3665
ls-large,0,134,0,4,67.0967,12.7395,188.6232
ls-large,0,135,1,4,434.9578,54.5026,1059.7954
ls-large,0,136,1,4,842.8101,68.3537,1050.4809
ls-large,0,137,1,4,371.0017,30.6076,703.3712
ls-large,0,138,1,4,447.4851,50.6615,1598.8409
ls-large,0,139,1,4,316.1163,48.2000,1851.2148
ls-large,0,140,1,4,646.8392,85.7465,1183.4044
ls-large,0,141,1,4,370.5550,40.6941,1319.0433
ls-large,0,142,0,4,58.8901,9.3120,428.6785
ls-large,0,143,1,4,453.1946,49.1230,1589.6906
ls-large,0,144,1,4,536.5681,70.0561,1016.2576
ls-large,0,145,0,4,67.9840,10.7200,392.9255
ls-large,0,146,0,4,67.8176,11.1680,196.5868
ls-large,0,147,1,4,370.5550,30.6880,1017.3928
ls-large,0,148,1,4,412.3175,38.1040,713.0824
ls-large,0,149,1,4,438.9225,55.3200,514.4499
ls-large,0,150,1,4,325.8893,44.0960,1347.0927
ls-large,0,151,1,4,473.8799,25.6000,1432.7660
ls-large,0,152,0,4,77.7613,19.1566,478.3832
ls-large,0,153,0,4,63.5901,8.1728,348.2041
ls-large,0,154,1,4,373.4583,26.6658,1708.8420
ls-large,0,155,1,4,552.7693,60.4000,634.4290
ls-large,0,156,1,4,326.0634,53.5099,1603.2496
ls-large,0,157,0,4,65.7966,10.0800,224.3057
ls-large,0,158,1,4,546.8680,21.1980,1183.8766
ls-large,0,159,1,4,481.8495,43.9553,1609.9378
ls-large,0,160,1,4,315.2726,40.7919,1643.8960
ls-large,0,161,1,4,606.1859,69.3728,673.9931
ls-large,0,162,1,4,426.9703,43.5840,1874.5424
ls-large,0,163,1,4,475.8980,53.4286,1347.3040
ls-large,0,164,0,2,31.1547,4.2240,413.1142
ls-large,0,165,1,4,399.7167,33.1951,1162.8333
ls-large,0,166,1,4,280.5923,35.7120,605.3691
ls-large,0,167,1,4,492.0142,46.7454,1488.2926
ls-large,0,168,0,4,62.4523,10.1760,401.9016
ls-large,0,169,0,2,33.6827,10.6826,478.5016
ls-large,0,170,1,2,234.2687,22.4000,1687.2707
ls-large,0,171,0,4,60.0376,11.5541,244.3766
ls-large,0,172,1,4,529.9479,76.7006,1043.3336
ls-large,0,173,1,2,80.5383,23.8420,1596.3789
ls-large,0,174,1,4,489.9856,43.9903,616.8868
ls-large,0,175,1,4,338.4273,42.6027,746.7290
ls-large,0,176,1,4,439.7168,65.1792,1155.8249
ls-large,0,177,1,4,445.3869,52.8147,516.4542
ls-large,0,178,1,4,283.0402,41.0856,1545.6487
ls-large,0,179,1,4,480.9704,82.4655,992.1738
ls-large,0,180,1,4,359.0181,40.6428,622.2231
ls-large,0,181,0,2,31.1547,10.2007,368.5585
ls-large,0,182,1,4,571.7432,63.9680,1088.9729
ls-large,0,183,1,4,582.9531,41.7227,1799.9136
ls-large,0,184,0,4,77.5547,18.5940,391.9236
ls-large,0,185,1,4,676.1966,45.8937,1017.0475
ls-large,0,186,0,4,60.8805,7.4560,420.0802
ls-large,0,187,1,4,325.5493,37.2011,1635.0084
ls-large,0,188,0,4,61.5651,11.2000,356.6199
ls-large,0,189,1,4,365.4265,36.1530,1416.3390
ls-large,0,190,0,4,61.9595,8.7680,290.5942
ls-large,0,191,1,4,472.3548,51.0325,1719.4431
ls-large,0,192,1,2,165.4142,22.6400,1750.2647
ls-large,0,193,1,4,540.7813,59.3626,975.3373
ls-large,0,194,1,4,384.3432,21.6934,566.2093
ls-large,0,195,1,4,521.9936,64.3055,1036.8254
ls-large,0,196,0,4,60.0399,8.9280,368.9271
ls-large,0,197,1,4,361.7074,33.3224,785.7402
ls-large,0,198,1,4,394.7185,40.6480,532.0057
ls-large,0,199,1,4,561.9414,69.9280,1184.7138
ls-large,0,200,1,4,560.3355,90.0254,1686.0941
ls-large,0,201,1,4,430.0151,32.1001,1037.8244
ls-large,0,202,1,4,402.8455,25.9237,501.0898
ls-large,0,203,1,4,488.4506,46.7471,761.9214
ls-large,0,204,1,4,476.7518,54.5167,1224.3752
ls-large,0,205,0,4,68.8111,14.9530,168.0067
ls-large,0,206,0,4,65.4789,14.8940,450.6047
ls-large,0,207,1,4,439.3523,26.7819,1530.4101
ls-large,0,208,0,4,63.3813,10.3099,115.2728
ls-large,0,209,1,4,661.4165,60.8245,1681.5544
ls-large,0,210,1,2,265.2797,27.8958,1883.8051
ls-large,0,211,0,4,55.6467,9.3120,263.1034
ls-large,0,212,1,4,452.6456,55.5664,1072.6389
ls-large,0,213,1,4,468.0427,52.5120,1996.9514
ls-large,0,214,1,4,537.9954,65.1856,914.4228
ls-large,0,215,1,4,369.4985,42.6049,716.3109
ls-large,0,216,1,4,436.1621,76.4246,1886.8465
ls-large,0,217,1,4,551.7809,46.9779,1116.6442
ls-large,0,218,1,4,654.1268,28.6000,714.0400
ls-large,0,219,1,4,462.4184,56.3389,1815.7080
ls-large,0,220,1,4,429.5943,41.3002,1451.6345
ls-large,0,221,1,4,546.8680,59.5600,1062.7436
ls-large,0,222,0,4,62.0029,10.8943,166.3032
ls-large,0,223,1,4,410.5611,28.3169,1317.3697
ls-large,0,224,0,4,77.5150,13.3699,111.8890
ls-large,0,225,1,4,498.0883,60.1200,1526.2889
ls-large,0,226,1,4,421.7953,31.2000,1868.2510
ls-large,0,227,0,4,73.7315,17.0405,479.4849
ls-large,0,228,1,4,489.3922,44.2863,721.4693
ls-large,0,229,1,2,315.4236,25.9519,1393.6788
ls-large,0,230,0,4,60.4693,11.6800,250.3419
ls-large,0,231,0,2,28.4667,4.4960,227.3415
ls-large,0,232,1,4,445.2910,28.2880,1884.0977
ls-large,0,233,1,4,476.0007,44.4478,1741.2310
ls-large,0,234,1,4,442.0170,61.7156,1562.1973
ls-large,0,235,0,4,59.2055,7.1360,454.0719
ls-large,0,236,1,4,362.5294,75.4275,1001.7921
ls-large,0,237,0,4,82.8238,21.4924,433.2640
ls-large,0,238,1,4,719.7541,47.2665,844.6560
ls-large,0,239,1,4,372.9719,74.3798,603.2659
ls-large,0,240,1,4,407.2012,51.2000,898.2899
ls-large,0,241,0,4,64.6497,8.9920,363.3749
ls-large,0,242,1,4,367.3465,37.5784,1793.0542
ls-large,0,243,1,2,304.9240,43.5528,1339.3187
ls-large,0,244,1,4,356.7982,33.8800,1757.8803
ls-large,0,245,0,2,28.2703,10.8981,136.6664
ls-large,0,246,1,4,460.5097,54.6722,1791.0976
ls-large,0,248,1,4,594.4027,38.0960,1032.5885
ls-large,0,249,1,4,616.2183,45.3422,916.1178
ls-large,0,250,1,4,528.0504,46.6216,1168.9806
ls-large,0,252,1,4,494.4722,71.1399,1253.3333
ls-large,0,253,1,4,437.1226,56.8409,1207.6491
ls-large,0,256,0,4,60.7455,15.6908,313.8308
ls-large,0,260,1,4,482.7345,25.9698,1740.6171
ls-large,0,262,1,4,383.3037,71.6138,810.6332
ls-large,0,264,1,4,687.3405,66.4168,1182.3539
ls-large,0,266,0,4,70.8232,11.8945,278.7994
ls-large,0,269,1,4,565.2322,37.2498,949.8546
ls-large,0,270,1,4,588.5732,31.3821,1001.6605
ls-large,0,275,1,4,565.2322,54.1716,565.3130
ls-large,0,277,1,4,613.7704,71.6184,1240.1446
ls-large,0,279,0,4,62.5926,17.8567,481.5381
ls-large,0,287,0,4,79.3652,14.4802,117.6038
ls-large,0,294,1,4,551.9592,56.9097,551.9886
ls-large,0,302,1,4,415.4675,25.6960,1442.4863
ls-large,0,303,0,4,65.3252,6.1120,130.4695
ls-large,0,305,0,4,70.8353,6.4960,212.3504
ls-large,0,308,1,4,371.4238,53.5296,1940.4468
ls-large,0,311,0,4,82.6753,15.4934,415.5478
ls-large,0,314,1,4,836.1616,75.4785,1684.9728
ls-large,0,324,1,4,489.3922,60.5225,1146.9859
ls-large,0,335,0,4,51.7339,31.1515,226.4491
ls-large,0,341,0,4,72.5834,18.6574,455.3420
ls-large,0,345,1,4,440.7259,39.4667,1466.3621
ls-large,0,346,1,4,397.2824,52.1970,901.8075
ls-large,0,356,1,2,241.1639,10.1120,1212.9405
ls-large,0,357,1,4,564.7446,34.1074,1961.8123
ls-large,0,359,0,4,73.0883,21.8142,397.1387
ls-large,0,375,0,4,59.9201,7.7591,136.5914
ls-large,0,376,1,4,411.8342,55.6000,943.2259
ls-large,0,380,1,4,480.3350,51.1116,1847.6512
ls-large,0,381,1,4,386.0920,50.5697,1841.3682
ls-large,0,385,1,4,673.5788,47.4730,928.6079
ls-large,0,404,0,4,63.0083,8.4813,205.9496
ls-large,0,415,1,4,646.6864,87.4881,1131.2466
ls-large,0,416,1,4,649.5098,61.2861,1886.0134
ls-large,0,422,1,4,673.5788,40.7292,1008.3325
ls-large,0,427,1,4,310.4187,23.1360,1512.9687
ls-large,0,433,1,4,684.0798,33.4890,1166.8547
ls-large,0,437,1,4,523.4615,32.4121,1383.5230
ls-large,0,446,1,4,409.8897,36.8320,1973.6608
ls-large,0,467,0,4,80.4349,13.2884,396.2305
ls-large,0,469,1,2,144.7213,55.8907,1876.2472
ls-large,0,476,0,4,63.4615,21.9281,263.2045
ls-large,0,495,0,4,68.8221,17.1978,110.7910
ls-large,0,523,0,4,70.9465,16.6191,406.0051
ls-large,0,529,1,4,497.4379,48.3268,1687.0392
ls-large,0,594,1,4,654.1268,68.6217,1106.3999
ls-large,0,613,1,4,495.4531,40.6651,1604.0120
ls-large,0,628,1,4,571.7432,53.5969,1636.7573
ls-large,0,635,1,4,654.1268,52.1107,898.2399
ls-large,0,642,1,4,421.9946,38.6937,726.6373
ls-large,0,671,0,4,64.6766,10.1048,337.0374
ls-large,0,700,0,4,76.4764,7.6160,320.9696
ls-large,0,746,0,4,74.3877,19.5584,481.4486
ls-large,0,748,0,4,76.4764,17.4969,437.7348
ls-large,0,758,0,4,60.7944,9.6960,160.6329
ls-large,0,772,1,4,457.4880,32.4100,587.7599
ls-large,0,788,1,2,232.4264,43.3027,534.7578
ls-large,0,798,1,4,360.1520,41.1224,594.2287
ls-large,0,814,1,2,191.2355,19.6101,1272.2995
ls-large,0,822,1,4,467.4360,23.1040,543.5549
ls-large,0,835,1,4,552.9503,28.9200,1141.3111
ls-large,0,842,0,4,57.1806,7.3883,298.1819
ls-large,0,850,1,4,406.4309,22.1440,922.3199
ls-large,0,954,0,4,62.9763,16.9512,422.5569
ls-large,1,0,1,4,434.5795,62.5360,676.8781
ls-large,1,1,1,4,605.2470,51.0917,1231.7850
ls-large,1,2,1,4,419.9267,56.7707,899.4958
ls-large,1,3,1,4,476.4195,49.5360,533.4832
ls-large,1,4,1,4,726.1814,74.5591,1588.7789
ls-large,1,5,1,4,505.1797,53.6699,1018.5506
ls-large,1,6,1,4,544.9174,73.0888,1756.3670
ls-large,1,7,0,4,69.8762,11.9680,397.2587
ls-large,1,8,1,4,665.9989,92.6879,926.2391
ls-large,1,9,1,2,273.5512,34.9520,864.1100
ls-large,1,10,1,2,301.5653,21.6876,1158.4424
ls-large,1,11,1,4,570.7670,61.7447,1234.5403
ls-large,1,12,0,4,72.6919,11.8080,358.8625
ls-large,1,13,0,4,68.2617,11.5920,261.7819
ls-large,1,14,1,4,410.4548,49.7920,1075.5344
ls-large,1,15,1,4,464.8632,62.4259,1924.5789
ls-large,1,16,1,4,573.7361,36.7760,1720.0273
ls-large,1,17,0,4,76.6774,11.1095,283.2587
ls-large,1,18,1,4,432.2129,43.9873,1697.6584
ls-large,1,19,1,4,370.2588,50.9024,1802.1171
ls-large,1,20,1,4,635.5322,45.9791,664.2329
ls-large,1,21,1,4,385.4508,32.2448,882.8242
ls-large,1,22,1,4,326.8059,36.0400,1244.7405
ls-large,1,23,1,4,445.0501,43.7715,887.6312
ls-large,1,24,1,4,561.2294,72.8160,838.0610
ls-large,1,25,0,4,79.8166,7.3600,317.8809
ls-large,1,26,1,4,475.8962,47.4404,1512.3539
ls-large,1,27,0,4,69.6218,30.0512,450.2137
ls-large,1,28,1,4,261.5576,30.1440,1124.2584
ls-large,1,29,0,4,81.3449,8.0469,484.8805
ls-large,1,30,0,4,67.8077,19.9175,251.1875
ls-large,1,31,0,4,77.4949,11.5520,296.9403
ls-large,1,32,1,4,423.9118,38.8360,1849.5174
ls-large,1,33,0,4,66.8908,8.7040,235.6383
ls-large,1,34,1,4,491.7662,62.6640,1871.6670
ls-large,1,35,1,2,238.5534,27.3073,1588.1978
ls-large,1,36,0,2,31.8500,5.2160,403.6465
ls-large,1,37,1,4,507.3656,71.7528,670.8694
ls-large,1,38,1,4,372.4669,43.4240,1369.9356
ls-large,1,39,0,4,59.8999,21.8554,431.4024
ls-large,1,40,1,4,441.4144,53.9803,1356.1723
ls-large,1,41,0,4,75.4048,16.2678,325.7787
ls-large,1,42,1,4,518.5726,38.3196,518.5726
ls-large,1,43,1,4,508.4896,59.5887,859.4500
ls-large,1,44,0,4,71.0493,14.5548,163.5779
ls-large,1,45,1,4,357.1029,50.5587,1567.4164
ls-large,1,46,0,4,70.2067,11.5616,104.2025
ls-large,1,47,1,4,455.8469,54.6063,594.4472
ls-large,1,48,1,4,334.9298,27.3192,1677.7034
ls-large,1,49,1,2,350.7746,14.2400,960.9817
ls-large,1,50,0,4,57.7313,14.4537,136.1954
ls-large,1,51,1,4,392.0708,32.7680,990.8621
ls-large,1,52,1,4,374.6420,52.1440,651.4214
ls-large,1,53,1,2,229.7330,11.5040,530.5610
ls-large,1,54,0,4,73.9159,17.6663,108.6056
ls-large,1,55,1,4,437.8247,42.9840,1793.9735
ls-large,1,56,1,2,288.1454,25.6654,1263.9051
ls-large,1,57,1,4,402.2923,91.0696,660.3166
ls-large,1,58,0,4,64.8460,13.8659,411.8974
ls-large,1,59,1,2,262.3373,22.2240,948.3896
ls-large,1,60,0,4,66.1720,19.8716,411.1106
ls-large,1,61,1,2,276.4373,27.2960,516.2998
ls-large,1,62,0,4,64.0479,6.2400,490.5248
ls-large,1,63,1,2,160.9858,19.4880,707.7437
ls-large,1,64,1,4,386.6520,40.0749,1228.9951
ls-large,1,65,1,4,467.0091,49.2480,857.5620
ls-large,1,66,1,2,313.2298,43.5809,1340.6112
ls-large,1,67,0,4,64.3040,6.6240,163.7871
ls-large,1,68,0,4,66.9676,10.5371,166.0715
ls-large,1,69,0,4,76.9599,7.0400,170.5104
ls-large,1,70,0,4,69.1912,22.6056,298.0103
ls-large,1,71,1,4,552.2995,61.4902,1286.2610
ls-large,1,72,1,4,276.8629,31.0932,1953.8428
ls-large,1,73,1,4,555.4465,73.4660,1909.9957
ls-large,1,74,0,2,40.6274,6.8470,348.9610
ls-large,1,75,0,4,57.5642,10.9440,463.7184
ls-large,1,76,0,2,30.0535,6.0800,483.9217
ls-large,1,77,1,4,613.5014,87.5106,809.9087
ls-large,1,78,1,4,319.3412,35.1600,1748.5324
ls-large,1,79,1,4,516.7347,38.8242,1653.6011
ls-large,1,80,0,4,63.7522,11.2454,327.7234
ls-large,1,81,0,4,66.6643,11.5520,130.0734
ls-large,1,82,1,4,409.5350,41.8800,501.2671
ls-large,1,83,1,4,663.5654,51.2320,669.6431
ls-large,1,84,1,4,432.5101,49.2510,1401.2486
ls-large,1,85,1,4,609.9617,52.2069,1174.0822
ls-large,1,86,1,4,379.4257,24.1200,1955.4690
ls-large,1,87,1,4,355.5658,62.2960,1981.4502
ls-large,1,88,1,2,180.3867,23.9840,1673.7105
ls-large,1,89,1,4,463.7147,50.2439,1868.9898
ls-large,1,90,1,4,462.4643,57.0560,754.4329
ls-large,1,91,0,4,56.7490,6.8480,127.9017
ls-large,1,92,0,4,63.6996,17.6730,376.1790
ls-large,1,93,1,4,558.7088,37.8686,1829.0379
ls-large,1,94,0,4,66.0018,10.3040,287.1747
ls-large,1,95,0,4,55.3103,17.6841,242.3406
ls-large,1,96,1,4,364.7227,35.9329,1800.0768
ls-large,1,97,0,4,70.3211,13.9087,437.5170
ls-large,1,98,1,4,367.8297,51.6656,1678.1179
ls-large,1,99,1,4,395.7675,25.4080,1409.3899
ls-large,1,100,1,4,537.1755,34.5200,1041.6347
ls-large,1,101,0,4,73.4769,7.7120,127.2905
ls-large,1,102,1,4,364.7227,51.0150,567.4710
ls-large,1,103,1,4,358.7090,41.7920,1555.8854
ls-large,1,104,1,4,378.3686,53.7539,1419.8634
ls-large,1,105,0,4,73.6084,7.9360,251.1577
ls-large,1,106,0,2,36.5094,10.2054,184.7628
ls-large,1,107,1,4,566.4043,23.6160,569.3269
ls-large,1,108,1,4,386.6562,32.5440,1099.8929
ls-large,1,109,0,4,62.0731,7.2320,325.8976
ls-large,1,110,0,4,81.3449,16.7821,114.1879
ls-large,1,111,1,4,492.8376,25.3812,1148.7649
ls-large,1,112,1,4,450.5396,26.4891,1494.5243
ls-large,1,113,1,2,216.7146,35.3733,868.1388
ls-large,1,114,1,4,445.1594,70.4125,1320.3887
ls-large,1,115,1,4,610.7972,37.5680,1570.3197
ls-large,1,116,0,4,68.1093,23.8592,467.4590
ls-large,1,117,0,4,74.2281,8.1983,300.4511
ls-large,1,118,0,4,59.8999,10.4841,365.7026
ls-large,1,119,0,2,37.0966,5.1680,200.0034
ls-large,1,120,1,4,450.5874,48.9913,1598.9093
ls-large,1,121,0,4,69.2596,22.0227,137.6234
ls-large,1,122,1,4,380.5306,37.5200,1934.4442
ls-large,1,123,0,4,66.5067,12.2384,458.7274
ls-large,1,124,0,4,62.5366,13.6822,138.9520
ls-large,1,125,1,4,267.3414,25.7600,1126.3823
ls-large,1,126,0,2,36.9797,6.0800,310.4514
ls-large,1,127,1,4,430.4542,30.6560,1177.7206
ls-large,1,128,1,4,503.6017,36.8093,1883.4340
ls-large,1,129,0,4,73.8390,10.0480,413.5794
ls-large,1,130,1,4,392.0708,62.5600,961.0824
ls-large,1,131,1,4,414.5971,25.8182,875.1883
ls-large,1,132,0,4,75.4048,6.9440,475.6783
ls-large,1,133,1,4,439.9639,47.4779,806.5171
ls-large,1,134,1,4,371.8829,29.0777,1464.8584
ls-large,1,135,1,4,464.9578,46.4248,1565.4176
ls-large,1,136,1,4,473.3309,47.8406,1138.1661
ls-large,1,137,1,4,289.2997,26.1760,1721.0486
ls-large,1,138,0,4,78.4112,12.4706,305.7135
ls-large,1,139,1,4,283.5008,48.8960,1027.7394
ls-large,1,140,0,4,74.1152,25.0363,316.3090
ls-large,1,141,1,4,516.3329,62.6000,1288.4408
ls-large,1,142,1,2,248.8857,29.4800,952.8656
ls-large,1,143,1,4,544.3676,46.5200,1454.9966
ls-large,1,144,0,4,81.7456,26.3187,474.6092
ls-large,1,145,1,4,496.4546,89.4342,903.3128
ls-large,1,146,1,4,405.1155,69.8000,1082.6882
ls-large,1,147,1,4,487.1786,33.6000,1992.5070
ls-large,1,148,1,4,600.3652,49.9600,886.8809
ls-large,1,149,1,4,601.5435,62.2560,1003.8551
ls-large,1,150,1,4,603.6834,77.0147,637.0659
ls-large,1,151,1,4,411.8603,27.4880,879.8356
ls-large,1,152,1,4,391.7733,48.2253,633.7430
ls-large,1,153,1,4,439.9639,47.7280,570.5522
ls-large,1,154,1,4,400.9000,63.1967,1526.8316
ls-large,1,155,1,4,504.6364,61.6024,1515.2103
ls-large,1,156,0,4,54.9833,9.6960,462.0313
ls-large,1,157,1,4,419.9493,28.3200,1420.4540
ls-large,1,158,1,2,145.9206,24.2240,1450.4935
ls-large,1,159,1,4,641.2282,82.5565,654.2891
ls-large,1,160,0,4,73.1385,11.1680,403.9421
ls-large,1,161,1,4,376.2937,46.2960,722.5053
ls-large,1,162,1,4,546.5781,40.6400,1918.7961
ls-large,1,163,1,4,503.6017,39.4940,1248.1372
ls-large,1,164,0,4,65.9259,10.0637,395.6828
ls-large,1,165,1,4,457.6458,23.2472,1467.5964
ls-large,1,166,1,4,461.0328,47.5356,691.8834
ls-large,1,167,0,4,67.8473,13.3892,325.2290
ls-large,1,168,1,4,470.4040,60.3214,991.4614
ls-large,1,169,1,4,341.1711,28.0206,920.2589
ls-large,1,170,1,4,375.6756,36.9600,682.4845
ls-large,1,171,0,4,76.5478,7.2000,238.8007
ls-large,1,172,0,2,32.7971,4.0320,244.7027
ls-large,1,173,1,2,90.4287,17.8303,1519.4663
ls-large,1,174,1,4,477.0474,41.2545,1884.9984
ls-large,1,175,1,4,393.2447,30.0165,1518.5040
ls-large,1,176,1,4,416.8267,41.1200,1847.4791
ls-large,1,177,0,4,74.4617,10.9440,170.0587
ls-large,1,178,0,4,64.4827,26.6155,477.9335
ls-large,1,179,0,4,80.1882,27.2431,127.6299
ls-large,1,180,1,4,664.5843,72.0403,1168.2305
ls-large,1,181,0,2,31.2313,5.3920,293.6286
ls-large,1,182,1,2,246.7423,17.9120,1749.6953
ls-large,1,183,1,4,693.8583,36.2240,1500.3190
ls-large,1,184,1,4,460.9062,39.1038,1620.4829
ls-large,1,185,0,4,65.1125,9.5680,210.4251
ls-large,1,186,1,4,367.8554,39.4690,1206.1458
ls-large,1,187,1,2,264.5813,23.6160,1295.6660
ls-large,1,188,0,4,72.6830,10.6880,420.8348
ls-large,1,189,0,4,68.6583,15.1589,146.5613
ls-large,1,190,1,4,380.6400,63.9310,1486.3330
ls-large,1,191,1,4,448.2638,61.0495,1630.8604
ls-large,1,192,1,4,437.4124,48.0334,1012.2458
ls-large,1,193,0,4,60.0801,11.2960,457.7668
ls-large,1,194,0,4,65.2599,12.8451,258.8978
ls-large,1,195,0,4,78.4964,19.9377,413.8095
ls-large,1,196,1,4,721.1265,69.1939,1160.9066
ls-large,1,197,1,4,485.2228,50.3680,724.8219
ls-large,1,198,0,4,64.6602,12.0575,476.5399
ls-large,1,199,1,4,635.7365,59.4870,731.4330
ls-large,1,200,1,4,606.6348,32.2400,1716.3071
ls-large,1,201,1,4,434.5910,25.7327,1860.8697
ls-large,1,202,1,4,447.2077,34.5541,1063.5249
ls-large,1,203,0,4,74.5073,8.5873,380.1223
ls-large,1,204,0,4,69.7160,9.2800,326.8051
ls-large,1,205,0,4,64.1928,6.8160,117.9918
ls-large,1,206,1,4,459.9070,45.1562,917.1089
ls-large,1,207,1,4,554.0245,47.0000,1988.1226
ls-large,1,208,0,4,72.9916,11.1197,423.3505
ls-large,1,209,1,4,336.8261,36.8000,1767.2651
ls-large,1,210,1,4,555.4465,46.8018,882.5145
ls-large,1,211,0,2,37.1794,4.9280,481.5422
ls-large,1,212,0,4,75.7346,10.7840,317.2048
ls-large,1,213,0,4,79.1809,19.4594,133.0279
ls-large,1,214,1,4,291.8604,26.3200,1073.9437
ls-large,1,215,1,4,380.1852,42.7987,1774.8793
ls-large,1,216,0,4,68.7118,11.9360,399.6233
ls-large,1,217,0,2,36.4374,11.2069,314.1453
ls-large,1,218,1,4,454.7172,26.9421,935.4437
ls-large,1,219,0,2,34.4048,5.5019,347.3440
ls-large,1,220,0,4,66.2007,7.1040,145.0071
ls-large,1,221,0,4,76.9736,13.6878,148.6263
ls-large,1,222,1,4,466.2778,45.1600,1587.6019
ls-large,1,223,1,4,485.9267,47.9760,1317.4949
ls-large,1,224,0,4,74.1400,13.0127,442.1144
ls-large,1,225,1,4,473.7430,41.5964,779.9784
ls-large,1,226,1,4,429.3122,62.3029,1734.3449
ls-large,1,227,1,4,630.6234,50.7553,1769.6051
ls-large,1,228,1,4,603.9951,56.4442,1282.7433
ls-large,1,229,1,2,198.1061,37.0720,1858.8150
ls-large,1,230,1,4,605.6975,31.2400,1203.7342
ls-large,1,231,0,4,68.3221,10.6560,497.2294
ls-large,1,232,1,4,633.0600,49.9520,1205.9438
ls-large,1,233,1,4,429.3304,48.5440,1140.2312
ls-large,1,234,1,4,399.8602,46.4795,1797.5321
ls-large,1,235,1,4,367.8554,38.4246,555.4061
ls-large,1,236,0,4,60.2115,11.2504,400.1145
ls-large,1,237,1,4,579.9074,59.9558,1001.7243
ls-large,1,238,1,4,726.1814,120.1892,820.9061
ls-large,1,239,1,4,331.9725,41.2480,1732.2213
ls-large,1,240,1,4,330.1910,26.9772,1729.8235
ls-large,1,241,1,4,315.8564,39.0879,1562.9047
ls-large,1,242,0,4,66.2639,16.3660,193.9406
ls-large,1,243,1,4,401.5632,33.9966,1733.0246
ls-large,1,244,1,4,445.2905,56.4413,552.8775
ls-large,1,245,0,4,56.0139,8.6080,454.7481
ls-large,1,246,1,4,381.4726,40.6080,1959.5745
ls-large,1,247,0,2,35.3014,3.5520,388.6180
ls-large,1,248,1,4,689.6062,50.9002,1890.5886
ls-large,1,249,0,4,63.9848,11.2320,492.6619
ls-large,1,250,0,4,69.0716,22.0610,192.0358
ls-large,1,251,1,4,295.1576,39.2388,1164.4847
ls-large,1,252,1,4,456.6318,36.6344,792.8621
ls-large,1,253,1,2,273.1388,22.7524,1045.2160
ls-large,1,254,1,4,438.0713,52.8320,1008.3356
ls-large,1,255,1,4,641.2849,65.0781,1399.9510
ls-large,1,256,1,4,308.7538,30.7600,1345.1698
ls-large,1,257,1,4,670.1443,39.4377,1406.9074
ls-large,1,258,1,4,516.7177,65.0318,813.7214
ls-large,1,259,1,4,539.7752,69.0800,1793.4956
ls-large,1,260,1,4,430.2517,56.1200,1627.1264
ls-large,1,261,1,4,494.0326,37.2800,1383.7787
ls-large,1,262,1,4,488.3042,37.7291,692.5473
ls-large,1,263,1,4,400.0237,27.6160,1633.2922
ls-large,1,264,1,4,633.0600,62.9309,1130.6549
ls-large,1,265,1,4,371.0292,48.7988,1111.5637
ls-large,1,266,0,4,70.6023,9.4561,197.3981
ls-large,1,267,0,4,77.2362,8.0381,397.5256
ls-large,1,268,1,4,474.8420,70.5878,1246.8661
ls-large,1,269,1,4,469.6029,41.8800,976.3749
ls-large,1,270,1,4,438.2895,35.9600,516.9395
ls-large,1,271,1,4,442.8758,37.3760,1155.1601
ls-large,1,272,0,4,63.8806,10.2400,151.8900
ls-large,1,273,0,2,34.3427,8.4098,392.6922
ls-large,1,274,0,2,35.5667,3.1520,233.0846
ls-large,1,275,0,4,68.6836,7.7760,206.5051
ls-large,1,276,1,2,211.3975,37.2223,816.1233
ls-large,1,277,1,4,258.1686,42.9440,997.1074
ls-large,1,278,0,4,75.3456,9.3502,404.5949
ls-large,1,279,0,2,36.5814,13.3158,451.2208
ls-large,1,281,1,4,342.7709,51.2630,1497.1503
ls-large,1,283,1,4,370.4712,46.9479,1583.8861
ls-large,1,285,1,4,494.5767,44.7401,1866.2434
ls-large,1,286,0,4,57.4326,12.6966,468.3070
ls-large,1,288,0,2,32.3940,3.5360,220.8851
ls-large,1,290,0,2,35.5140,9.2966,242.3810
ls-large,1,291,0,4,66.0899,11.6474,271.3435
ls-large,1,299,1,4,613.7392,49.9531,1149.6520
ls-large,1,306,0,4,55.6522,11.4240,107.6193
ls-large,1,308,0,4,78.5552,22.6018,146.3223
ls-large,1,309,0,4,81.9366,8.9600,330.4126
ls-large,1,312,1,4,488.8595,28.2551,618.4871
ls-large,1,314,1,4,486.2200,63.5524,1328.9985
ls-large,1,319,0,4,68.2617,12.9165,225.9256
ls-large,1,324,1,4,608.9244,51.4659,627.7578
ls-large,1,330,1,4,661.2248,48.9715,746.2880
ls-large,1,333,1,2,288.1454,24.4400,727.5553
ls-large,1,335,1,4,650.6120,40.6513,1773.8190
ls-large,1,364,1,4,670.1443,49.0828,1216.3862
ls-large,1,367,0,4,64.6637,13.0265,329.3900
ls-large,1,372,1,2,167.7961,47.1840,525.6614
ls-large,1,373,1,4,473.9875,84.5671,888.7595
ls-large,1,385,1,4,516.0397,46.7569,1683.7790
ls-large,1,403,1,4,440.9096,39.9252,1381.7144
ls-large,1,405,0,4,66.6542,9.3234,425.8051
ls-large,1,431,1,4,592.8031,67.6080,1026.7151
ls-large,1,433,1,4,515.5495,57.4753,1624.8244
ls-large,1,442,1,4,567.9479,32.1503,1757.5851
ls-large,1,445,1,4,594.0259,52.3404,1986.0735
ls-large,1,451,0,4,62.8498,6.4640,455.6728
ls-large,1,452,1,4,431.1034,40.7904,1810.3116
ls-large,1,454,0,4,76.9736,11.2371,484.8869
ls-large,1,457,0,2,28.2391,6.0800,270.2969
ls-large,1,459,1,2,305.1050,20.6960,1888.3796
ls-large,1,462,1,4,673.7012,62.2678,1803.5458
ls-large,1,466,1,4,625.4094,42.3680,1135.3037
ls-large,1,475,1,4,569.3673,33.4079,662.4237
ls-large,1,479,1,4,642.0092,55.4496,1295.1692
ls-large,1,483,1,4,657.8862,68.1260,670.7601
ls-large,1,490,0,2,40.6274,5.7440,164.5073
ls-large,1,500,0,4,74.3732,28.2778,185.9798
ls-large,1,505,1,4,639.0848,56.7368,639.1221
ls-large,1,510,1,4,545.6905,36.9598,1085.5693
ls-large,1,513,1,4,627.5281,35.4920,1703.6751
ls-large,1,514,0,2,41.4914,5.9478,204.0282
ls-large,1,517,0,4,84.8192,10.1440,390.6711
ls-large,1,521,0,2,39.4747,11.3487,316.0093
ls-large,1,533,1,4,672.4225,27.2800,1870.9507
ls-large,1,549,1,4,689.6062,38.1651,690.4710
ls-large,1,553,1,4,594.2904,55.9329,1258.0831
ls-large,1,555,1,4,546.1052,56.0795,1944.1350
ls-large,1,567,1,4,574.4484,37.1022,1867.8052
ls-large,1,585,1,2,153.7665,25.5543,1415.9805
ls-large,1,586,0,2,34.8603,3.2960,231.3121
ls-large,1,599,1,4,605.6975,53.3517,1512.5404
ls-large,1,603,1,4,668.1017,70.0181,1064.7169
ls-large,1,605,1,4,500.3268,67.2480,1765.6788
ls-large,1,606,0,4,78.0844,18.9794,207.3471
ls-large,1,616,0,2,40.6274,4.0736,287.4895
ls-large,1,618,1,2,284.2262,31.1806,1331.2479
ls-large,1,619,1,2,288.1454,19.4493,666.3743
ls-large,1,625,1,4,532.7913,36.6720,686.7528
ls-large,1,634,0,4,64.2076,7.4880,182.9707
ls-large,1,656,1,4,681.6878,26.2400,1203.1561
ls-large,1,672,0,4,63.1937,13.2056,345.1749
ls-large,1,673,0,4,86.2024,19.0712,203.2000
ls-large,1,679,1,4,461.0328,30.6800,1279.3774
ls-large,1,680,1,2,333.4554,38.8742,1048.3053
ls-large,1,690,0,4,79.7496,26.0498,242.9921
ls-large,1,701,0,4,61.5215,19.4800,446.3565
ls-large,1,704,1,4,481.4487,34.2371,987.4905
ls-large,1,712,1,2,263.6881,27.3680,1406.6212
ls-large,1,728,0,4,76.9599,8.0320,288.0563
ls-large,1,747,1,4,527.1693,38.3515,1150.8323
ls-large,1,766,1,4,567.9479,45.3440,837.5823
ls-large,1,788,1,4,491.7662,25.0960,716.0272
ls-large,1,790,1,4,581.3595,24.1078,869.8049
ls-large,1,802,1,4,534.7740,48.9975,1818.9477
ls-large,1,814,1,4,511.4620,29.5600,1821.1514
ls-large,1,859,0,4,72.2805,7.0550,334.9323
ls-large,1,928,1,4,586.0543,40.8320,1421.4286
ls-large,1,947,1,2,150.0060,19.7169,1259.6663
ls-large,2,0,0,4,60.9720,13.4516,200.6333
ls-large,2,1,0,4,75.1588,20.1054,355.3885
ls-large,2,2,1,4,499.4812,34.5600,1806.5495
ls-large,2,3,1,4,457.0587,73.0480,1837.6842
ls-large,2,4,1,4,532.8482,29.3687,765.0800
ls-large,2,5,1,4,518.2264,43.0910,1695.1399
ls-large,2,6,1,4,568.7050,38.4800,741.7770
ls-large,2,7,1,2,277.5877,20.1200,1887.2481
ls-large,2,8,1,4,549.6083,49.0065,1351.5576
ls-large,2,9,1,4,499.5406,30.6716,1815.0443
ls-large,2,10,1,4,466.5105,50.4601,1936.0426
ls-large,2,11,1,4,540.8799,81.5733,1596.3948
ls-large,2,12,1,2,275.6729,38.0000,1588.9239
ls-large,2,13,0,4,79.9119,11.3920,336.6801
ls-large,2,14,0,4,70.4810,40.6897,477.4324
ls-large,2,15,1,4,493.1355,45.1272,1043.5354
ls-large,2,16,1,4,504.7894,38.7083,538.0171
ls-large,2,17,0,4,66.0089,22.4250,309.2366
ls-large,2,18,1,4,432.0914,48.1050,1956.2259
ls-large,2,19,1,4,507.7854,56.8720,1005.8207
ls-large,2,20,1,4,579.9592,84.5664,1633.4932
ls-large,2,21,1,4,315.1659,37.0960,1757.6021
ls-large,2,22,1,4,515.0060,62.8000,1230.3826
ls-large,2,23,1,4,469.0261,46.1170,1409.1169
ls-large,2,24,1,4,422.9415,51.4240,879.4504
ls-large,2,25,0,4,67.4853,11.8343,303.3037
ls-large,2,26,0,4,60.5430,21.5943,132.1717
ls-large,2,27,1,4,565.5750,49.5200,1526.8409
ls-large,2,28,1,4,626.9501,43.5519,1113.0896
ls-large,2,29,1,4,528.4583,29.6324,529.7027
ls-large,2,30,0,4,72.4890,18.4956,281.5431
ls-large,2,31,0,4,68.7824,22.1882,270.2396
ls-large,2,32,1,4,532.5968,53.4027,1880.9245
ls-large,2,33,0,4,76.7054,28.0472,215.8323
ls-large,2,34,0,4,67.0364,13.6306,142.0066
ls-large,2,35,1,4,313.2451,26.4400,1195.0097
ls-large,2,36,0,2,38.2639,4.1760,222.3286
ls-large,2,37,1,4,360.2387,31.8400,1087.6715
ls-large,2,38,1,4,675.5260,50.4039,682.6551
ls-large,2,39,1,4,486.8476,52.9474,1538.9788
ls-large,2,40,1,4,516.6672,55.8000,936.1293
ls-large,2,41,1,4,489.9316,35.4047,1579.3202
ls-large,2,42,1,4,293.7930,32.7688,734.5993
ls-large,2,43,1,4,385.0809,44.7765,606.7398
ls-large,2,44,0,4,72.7194,23.1195,464.5464
ls-large,2,45,1,4,571.8077,53.4099,1158.2688
ls-large,2,46,0,4,67.0523,10.4640,231.5375
ls-large,2,47,0,4,70.8918,8.2996,261.6654
ls-large,2,48,1,4,504.7925,38.9736,1714.5977
ls-large,2,49,1,4,500.2067,27.0800,1107.3720
ls-large,2,50,1,4,501.0699,43.3273,1642.4133
ls-large,2,51,1,4,745.8977,36.2009,969.4009
ls-large,2,52,1,4,683.7041,65.6487,1104.3825
ls-large,2,53,1,4,364.2410,53.9151,1084.9762
ls-large,2,54,0,4,63.2802,10.8480,295.9215
ls-large,2,55,0,4,63.0340,11.5840,201.4764
ls-large,2,56,1,4,487.4155,32.3600,504.5559
ls-large,2,57,1,2,331.8221,45.5832,1887.4021
ls-large,2,58,0,4,67.8353,10.1440,494.8348
ls-large,2,59,0,4,59.4968,20.6181,369.9973
ls-large,2,60,0,4,68.9088,9.1520,162.3392
ls-large,2,61,1,4,513.4902,20.0320,1306.9991
ls-large,2,62,1,4,484.0027,82.0346,1473.5979
ls-large,2,63,1,2,345.1157,21.8002,1736.5556
ls-large,2,64,1,4,511.5770,61.9520,1277.1271
ls-large,2,65,1,4,644.4105,40.7163,962.1189
ls-large,2,66,1,4,497.5636,38.6349,1936.6320
ls-large,2,67,1,4,485.1756,35.3688,616.0783
ls-large,2,68,0,4,69.4509,11.0930,457.8293
ls-large,2,69,1,4,317.9483,39.5696,1831.5760
ls-large,2,70,1,4,644.6426,67.6499,1034.1469
ls-large,2,71,0,4,71.6658,10.5280,260.1040
ls-large,2,72,1,4,453.6702,73.0817,1626.5106
ls-large,2,73,1,4,484.0397,57.4672,962.8784
ls-large,2,74,0,4,71.3215,8.9280,135.0790
ls-large,2,75,1,4,390.5811,44.5327,1026.1700
ls-large,2,76,1,4,279.9026,53.5872,1314.0296
ls-large,2,77,1,4,414.2752,54.7420,1039.7323
ls-large,2,78,0,4,69.6010,15.1747,200.3920
ls-large,2,79,0,4,68.3549,32.7890,382.9349
ls-large,2,80,1,4,498.0724,54.0575,766.2098
ls-large,2,81,1,4,424.1149,35.1200,1284.4851
ls-large,2,82,1,4,491.9315,43.2640,1996.0268
ls-large,2,83,1,4,328.6085,48.5440,1382.0009
ls-large,2,84,1,2,125.9631,39.1380,1117.6847
ls-large,2,85,0,4,76.2525,21.5438,147.3810
ls-large,2,86,0,4,75.0082,18.0338,201.1786
ls-large,2,87,0,4,61.2737,7.2320,234.4045
ls-large,2,88,1,4,441.6573,35.5520,1222.1960
ls-large,2,89,0,4,65.8294,25.8635,119.3377
ls-large,2,90,1,4,554.6548,37.1200,709.9493
ls-large,2,91,0,4,80.8811,6.9947,286.5478
ls-large,2,92,0,4,67.6327,9.1520,461.6739
ls-large,2,93,1,2,278.1557,21.0560,1749.9719
ls-large,2,94,0,4,68.7712,13.9894,272.3453
ls-large,2,95,1,4,644.6643,46.8174,1343.6941
ls-large,2,96,0,4,79.9712,19.9912,268.2693
ls-large,2,97,1,4,550.4927,30.9148,791.5157
ls-large,2,98,1,4,563.4017,100.2049,1553.9654
ls-large,2,99,0,2,41.5720,6.4231,115.2677
ls-large,2,100,0,4,79.9119,16.6414,405.1518
ls-large,2,101,1,4,677.6705,55.8988,1736.1753
ls-large,2,102,1,4,626.9501,63.5618,1183.0394
ls-large,2,103,1,4,607.5723,45.9512,999.8307
ls-large,2,104,1,4,547.5353,54.6000,1658.2721
ls-large,2,105,1,4,637.6892,80.6074,1209.8638
ls-large,2,106,0,4,76.9777,20.3654,402.1204
ls-large,2,107,1,4,383.3271,61.4421,833.3780
ls-large,2,108,1,2,211.4377,25.7062,1302.9402
ls-large,2,109,0,4,66.9408,23.7276,123.4256
ls-large,2,110,1,4,549.1588,58.2344,607.9946
ls-large,2,111,0,4,83.2483,11.3717,160.2126
ls-large,2,112,1,4,460.4180,49.9200,1467.6624
ls-large,2,113,1,2,196.0383,24.9920,1347.3642
ls-large,2,114,1,2,342.9723,39.7733,1285.9753
ls-large,2,115,1,4,406.9289,31.3483,1914.8274
ls-large,2,116,0,2,31.4956,4.8800,289.9053
ls-large,2,117,0,4,61.2070,10.1567,341.1629
ls-large,2,118,0,4,78.3931,14.2043,192.5665
ls-large,2,119,1,4,513.3887,31.8080,1557.2332
ls-large,2,120,0,4,70.7709,28.1258,359.5610
ls-large,2,121,0,4,58.5249,16.9270,358.5453
ls-large,2,122,1,4,498.6038,51.7600,1560.8886
ls-large,2,123,1,4,428.9055,28.7680,1916.6060
ls-large,2,124,1,2,245.3854,11.5840,1413.6192
ls-large,2,125,1,2,251.9363,54.0010,1843.9270
ls-large,2,126,1,4,449.0986,33.7539,1151.0860
ls-large,2,127,1,4,507.7854,42.7369,1535.5994
ls-large,2,128,1,4,552.2709,38.5689,1685.8734
ls-large,2,129,0,4,79.3551,11.8585,369.2645
ls-large,2,130,1,4,361.6910,28.4522,1104.2631
ls-large,2,131,1,4,239.3326,69.4559,850.0341
ls-large,2,132,0,4,79.9119,9.3440,332.8018
ls-large,2,133,1,4,395.4123,49.9513,1872.2203
ls-large,2,134,1,2,169.8917,17.5200,1960.5386
ls-large,2,135,1,4,487.4155,42.0000,743.5891
ls-large,2,136,1,4,670.9851,41.4579,1557.7660
ls-large,2,137,1,4,388.0130,34.2400,1196.6398
ls-large,2,138,1,4,592.5529,40.9224,1432.3113
ls-large,2,139,1,4,513.9514,78.4334,1353.3792
ls-large,2,140,1,2,241.9876,26.2089,1861.1180
ls-large,2,141,1,4,532.1425,36.4774,1928.3068
ls-large,2,142,0,4,69.5192,19.6124,146.8674
ls-large,2,143,1,4,634.5228,51.5394,1178.8198
ls-large,2,144,1,4,525.9650,28.9388,1112.7527
ls-large,2,145,1,4,587.4431,82.7052,948.7862
ls-large,2,146,1,4,418.5246,42.6483,1182.0910
ls-large,2,147,1,4,456.8175,42.0690,1599.7409
ls-large,2,148,1,4,390.5811,48.1566,1430.0296
ls-large,2,149,1,4,544.8554,64.5654,545.5687
ls-large,2,150,1,4,611.8542,47.0702,1108.6951
ls-large,2,151,1,4,471.9399,51.4274,1611.3351
ls-large,2,152,1,4,431.9332,55.9600,1198.0693
ls-large,2,153,1,4,422.6092,44.7204,1042.5295
ls-large,2,154,1,4,506.1436,49.7004,1378.9513
ls-large,2,155,1,4,493.7857,46.4947,502.3376
ls-large,2,156,1,4,516.4740,46.2298,1765.9335
ls-large,2,157,1,4,471.9399,24.3520,502.1743
ls-large,2,158,1,4,677.6705,46.1231,1093.1695
ls-large,2,159,1,2,333.1761,11.8880,1356.5428
ls-large,2,160,0,4,69.9230,9.9531,421.9758
ls-large,2,161,0,4,67.2817,29.3620,464.7365
ls-large,2,162,0,4,67.0523,6.2400,131.1186
ls-large,2,163,1,4,541.2894,52.0600,1544.4949
ls-large,2,164,0,4,67.8030,12.3597,354.0297
ls-large,2,165,0,4,79.3694,33.4643,147.5915
ls-large,2,166,1,4,489.0475,52.8960,696.8747
ls-large,2,167,1,4,543.1826,52.3761,1010.6954
ls-large,2,168,1,4,443.6534,51.3225,1957.7951
ls-large,2,169,1,4,486.3067,52.6967,595.5544
ls-large,2,170,0,2,28.9398,12.5459,456.0403
ls-large,2,171,1,4,564.0532,53.6039,1988.1670
ls-large,2,172,1,4,555.6415,56.3600,1983.3929
ls-large,2,173,0,4,72.2331,25.5229,433.4327
ls-large,2,174,1,4,368.7675,41.3760,1290.5417
ls-large,2,175,0,4,74.1615,9.1200,406.3862
ls-large,2,176,1,4,562.3828,51.1504,1271.6568
ls-large,2,177,0,2,36.3359,5.7280,314.8488
ls-large,2,178,1,4,602.7342,38.9425,1183.9169
ls-large,2,179,0,4,61.1855,25.5819,325.3094
ls-large,2,180,1,4,488.7512,31.0400,565.1975
ls-large,2,181,1,4,694.7307,84.3406,726.5114
ls-large,2,182,1,4,594.3820,56.2077,1133.1863
ls-large,2,183,0,4,75.2187,14.9820,427.4332
ls-large,2,184,0,4,70.9884,18.0730,486.0128
ls-large,2,185,1,4,497.7437,59.6504,1978.0968
ls-large,2,186,0,4,74.8900,23.7403,329.8931
ls-large,2,187,0,4,66.7129,14.2824,454.5809
ls-large,2,188,1,4,342.5278,70.2480,736.4180
ls-large,2,189,1,4,592.0193,71.9303,1150.0309
ls-large,2,190,1,4,502.1225,53.9511,961.9105
ls-large,2,191,1,4,489.9316,23.1218,830.1162
ls-large,2,192,1,4,498.7522,25.2800,849.3218
ls-large,2,193,1,4,458.7395,78.0708,1252.8413
ls-large,2,194,0,4,59.8570,8.1920,358.3949
ls-large,2,195,1,4,408.2431,27.9629,792.4356
ls-large,2,196,1,4,399.5914,80.9588,1003.0899
ls-large,2,197,0,4,65.8348,8.1280,205.7119
ls-large,2,198,0,4,69.7671,38.3523,361.1986
ls-large,2,199,1,4,419.9167,43.6800,1541.5189
ls-large,2,200,1,4,488.8686,59.6925,1847.3128
ls-large,2,201,1,4,520.8722,46.7073,820.9545
ls-large,2,202,1,4,626.9346,59.3240,1759.7582
ls-large,2,203,0,4,68.7286,23.8170,161.9687
ls-large,2,204,0,2,30.7817,5.6480,471.8696
ls-large,2,205,1,4,513.3887,61.0000,513.3887
ls-large,2,206,1,2,193.3221,21.7280,1362.2903
ls-large,2,207,1,4,476.2496,31.5658,1519.8315
ls-large,2,208,1,4,545.5057,34.8752,1374.5189
ls-large,2,209,1,2,203.8585,17.8278,1355.0745
ls-large,2,210,1,4,388.8473,42.6560,820.2466
ls-large,2,211,0,4,72.3043,10.6560,216.8060
ls-large,2,212,1,4,641.7483,92.6154,1251.4687
ls-large,2,213,1,4,451.1252,38.6097,1831.2676
ls-large,2,214,0,4,68.0531,16.2338,125.8010
ls-large,2,215,0,4,72.3591,12.0585,176.0762
ls-large,2,216,1,4,545.8394,45.0611,1006.8973
ls-large,2,217,0,4,71.2674,12.3377,421.9971
ls-large,2,218,0,2,36.3213,3.8720,415.7257
ls-large,2,219,0,4,67.2540,6.6560,144.8973
ls-large,2,220,1,4,501.6753,48.7449,1628.3962
ls-large,2,221,0,4,73.1778,12.0433,459.2136
ls-large,2,222,1,4,626.9501,49.7920,1659.4773
ls-large,2,223,1,4,526.8144,45.5324,1520.9483
ls-large,2,224,1,2,333.1761,64.8265,526.4116
ls-large,2,225,1,4,537.2691,63.6800,1508.3406
ls-large,2,226,1,2,275.9275,25.9680,1940.7642
ls-large,2,227,1,4,462.3351,41.1588,909.6171
ls-large,2,228,1,4,315.1659,35.8142,796.3007
ls-large,2,229,0,4,75.3041,15.7117,385.9154
ls-large,2,230,0,4,64.4424,9.7920,423.6406
ls-large,2,231,1,4,564.6308,106.6333,903.1146
ls-large,2,232,1,4,458.2510,53.0351,1631.7333
ls-large,2,233,1,4,605.0952,106.5144,1303.2964
ls-large,2,234,1,4,534.0016,40.6647,1559.7853
ls-large,2,235,1,2,109.6333,10.6080,735.5336
ls-large,2,236,1,4,502.8326,58.4359,1126.7025
ls-large,2,237,1,4,489.5853,56.5855,1730.0700
ls-large,2,238,1,4,579.0059,56.3360,1938.8670
ls-large,2,239,1,2,359.3086,50.4223,647.8580
ls-large,2,240,1,4,555.0698,30.9600,1424.7403
ls-large,2,241,1,4,412.9132,36.8960,1001.3966
ls-large,2,242,1,4,504.9802,35.1600,1964.2778
ls-large,2,243,1,2,220.9514,11.0880,1378.8327
ls-large,2,244,0,2,26.9170,3.8880,176.4368
ls-large,2,245,1,2,231.4913,17.9520,1557.1791
ls-large,2,246,0,4,62.0111,7.3600,141.9293
ls-large,2,247,1,4,476.5812,61.3600,1592.6188
ls-large,2,248,1,4,585.4685,56.3746,1112.2670
ls-large,2,249,1,2,180.9280,35.4320,1637.6268
ls-large,2,250,0,4,62.5300,7.3600,186.4583
ls-large,2,251,1,4,564.5947,66.6198,666.5775
ls-large,2,252,1,4,611.3324,57.6800,894.3063
ls-large,2,253,1,4,540.8799,91.5815,1349.2364
ls-large,2,254,1,4,410.5864,43.0400,625.6191
ls-large,2,255,0,4,72.7954,8.6720,406.4068
ls-large,2,256,1,4,511.6515,48.8657,1877.9446
ls-large,2,257,1,4,520.4447,84.6813,1831.3115
ls-large,2,258,1,4,501.2654,45.6572,1570.4495
ls-large,2,259,1,4,494.1394,76.9440,1554.5636
ls-large,2,260,0,4,62.9705,12.8941,100.1961
ls-large,2,261,0,4,72.3651,26.1109,230.4018
ls-large,2,262,0,4,68.9692,25.6711,455.2841
ls-large,2,263,0,4,67.6374,13.8629,363.1838
ls-large,2,264,0,4,62.9975,26.6308,369.1757
ls-large,2,265,0,4,65.9222,22.7472,260.3313
ls-large,2,266,1,4,490.6210,33.9840,1445.0446
ls-large,2,267,0,4,76.4142,9.9200,205.9674
ls-large,2,268,1,2,230.7451,19.3920,624.8432
ls-large,2,269,1,2,204.3609,25.7285,1640.4859
ls-large,2,270,1,4,448.8611,45.6800,1259.3732
ls-large,2,271,0,4,78.0974,13.8646,403.7571
ls-large,2,272,1,4,635.3606,85.2964,1167.6692
ls-large,2,273,1,4,529.6429,76.6960,1280.1389
ls-large,2,274,0,4,70.4965,23.1662,373.1277
ls-large,2,275,1,4,377.2541,63.2568,1009.1357
ls-large,2,276,1,4,381.9785,45.4080,1456.2261
ls-large,2,277,1,2,243.3396,29.8792,1808.9490
ls-large,2,278,0,4,80.3462,11.3280,258.1548
ls-large,2,279,1,2,157.9074,36.7328,733.0060
ls-large,2,280,1,4,671.7118,50.5840,1679.2330
ls-large,2,281,0,2,33.5734,6.6519,236.9351
ls-large,2,282,0,4,73.9954,12.3664,487.0524
ls-large,2,283,1,4,571.7329,26.3680,1724.6345
ls-large,2,284,0,4,65.5341,20.5541,456.0566
ls-large,2,285,1,2,135.4432,25.6880,1869.5246
ls-large,2,286,0,4,68.4705,14.7829,310.1673
ls-large,2,287,1,4,452.1678,27.6800,1648.2065
ls-large,2,288,0,4,64.6159,8.5760,274.7503
ls-large,2,289,1,4,675.5260,59.2322,1911.0727
ls-large,2,290,1,4,501.5552,65.8117,1902.1728
ls-large,2,291,1,4,416.5560,42.8160,1966.1196
ls-large,2,292,1,4,575.5453,57.4080,1390.3996
ls-large,2,293,1,4,499.5406,43.7472,1871.5408
ls-large,2,294,0,4,79.1189,12.6841,141.6140
ls-large,2,295,0,4,74.5480,14.1500,225.3805
ls-large,2,296,0,4,73.8309,9.4080,174.5683
ls-large,2,297,1,4,391.4228,30.1255,813.4816
ls-large,2,298,1,4,431.7607,66.1736,563.0208
ls-large,2,299,1,4,395.4488,27.0943,696.3030
ls-large,2,300,0,4,70.1733,12.8311,380.7719
ls-large,2,301,0,4,80.4872,10.9240,240.3376
ls-large,2,302,0,4,77.7945,9.5680,253.1960
ls-large,2,303,0,4,62.5602,11.6335,161.8696
ls-large,2,304,1,4,636.6741,42.7077,1171.7275
ls-large,2,305,1,4,611.3318,36.8400,1822.3111
ls-large,2,306,1,4,378.9869,48.7360,979.5775
ls-large,2,307,0,4,68.0867,16.2451,490.6056
ls-large,2,308,0,2,29.3763,3.5200,325.1748
ls-large,2,310,1,2,217.8064,21.5840,1689.7759
ls-large,2,311,1,4,244.6680,33.8400,1542.6616
ls-large,2,312,1,4,488.5792,58.0560,620.5374
ls-large,2,313,0,4,71.4809,8.8320,319.4708
ls-large,2,314,1,4,422.1735,44.8960,717.0502
ls-large,2,315,1,4,540.5130,56.1982,878.8560
ls-large,2,317,1,4,528.4583,43.8699,1934.0804
ls-large,2,318,1,4,418.5246,37.9600,602.5749
ls-large,2,319,0,4,78.8629,22.3108,322.7983
ls-large,2,320,1,4,616.0324,64.1125,1612.3616
ls-large,2,321,0,4,61.6481,7.0720,439.6344
ls-large,2,323,1,4,381.7199,38.7277,827.4872
ls-large,2,324,1,4,433.8034,36.3262,576.7811
ls-large,2,327,0,4,61.2737,6.4960,106.7023
ls-large,2,329,1,4,540.4004,42.0800,1542.0531
ls-large,2,332,1,2,363.7218,39.7680,597.4534
ls-large,2,334,0,4,69.0157,15.4736,460.5299
ls-large,2,338,1,4,636.5411,66.7240,1526.8413
ls-large,2,340,1,4,360.2676,36.9331,1652.2469
ls-large,2,341,1,4,369.8658,22.0072,865.9698
ls-large,2,345,1,2,345.1157,45.9541,1151.0494
ls-large,2,346,0,4,58.7183,7.6160,133.9752
ls-large,2,347,0,4,68.7714,11.7120,262.8925
ls-large,2,353,1,4,651.3904,71.9280,1382.2903
ls-large,2,355,1,2,174.6303,21.8480,1351.7696
ls-large,2,362,1,2,179.4607,15.2025,804.6170
ls-large,2,365,1,4,432.5252,44.5200,1104.3319
ls-large,2,367,0,4,60.3240,20.0764,294.3352
ls-large,2,374,1,4,726.0749,96.5747,726.0838
ls-large,2,377,1,4,702.0749,48.7670,1575.0211
ls-large,2,381,1,4,575.7338,76.0975,941.1261
ls-large,2,382,1,2,179.2536,31.0121,1961.2998
ls-large,2,389,1,4,354.8950,37.3424,953.3441
ls-large,2,393,1,4,585.0068,50.6280,1650.5789
ls-large,2,397,0,4,68.5641,13.9980,247.6446
ls-large,2,411,0,4,62.4479,13.0374,158.0197
ls-large,2,418,1,4,739.9328,35.9306,1951.5695
ls-large,2,435,0,4,72.9494,22.9583,119.8768
ls-large,2,436,0,4,79.4087,10.4000,117.6769
ls-large,2,440,1,4,547.1799,35.2640,1227.9883
ls-large,2,450,1,4,535.3680,67.8168,1309.2197
ls-large,2,478,0,4,67.6983,23.4914,403.0314
ls-large,2,519,0,4,73.4657,7.6160,117.4475
ls-large,2,529,0,4,67.0100,15.4548,392.1836
ls-large,2,561,1,4,449.4981,26.3680,1766.5983
ls-large,2,595,0,4,68.6207,8.8960,261.3326
ls-large,2,654,0,4,73.7010,29.6066,373.9077
ls-large,3,0,1,4,519.6672,33.1384,1408.3993
ls-large,3,1,1,4,362.0724,31.8400,1095.7019
ls-large,3,2,1,4,387.6392,48.4160,1507.1172
ls-large,3,3,1,4,564.4536,63.2477,1670.1147
ls-large,3,4,1,4,593.7760,86.9000,1092.4451
ls-large,3,5,1,4,511.9465,24.3840,553.8299
ls-large,3,6,0,4,79.7042,11.5520,268.4594
ls-large,3,7,1,4,458.2700,50.0777,1856.3027
ls-large,3,8,1,4,400.1402,55.9491,1946.9494
ls-large,3,9,1,4,507.8890,33.3360,686.6523
ls-large,3,10,1,4,530.1835,24.2433,530.1880
ls-large,3,11,1,2,214.4270,15.0800,1577.6607
ls-large,3,12,1,4,518.6338,29.1200,964.5051
ls-large,3,13,1,4,461.0223,39.9252,937.4186
ls-large,3,14,1,4,511.3784,59.5200,1040.2949
ls-large,3,15,1,4,446.6945,48.4800,1430.1892
ls-large,3,16,1,4,481.6965,61.8400,1156.1686
ls-large,3,17,1,4,461.3247,47.0980,1981.1839
ls-large,3,18,1,4,402.3425,39.2960,1450.2993
ls-large,3,19,1,4,404.7000,71.6165,1607.0514
ls-large,3,20,0,4,68.0778,15.5941,200.4489
ls-large,3,21,1,4,491.3465,37.0800,777.8691
ls-large,3,22,0,4,74.1797,14.0575,488.5498
ls-large,3,23,1,4,369.0415,41.4080,991.6796
ls-large,3,24,0,4,71.6802,13.4562,275.3723
ls-large,3,25,1,4,532.8516,62.3027,905.8998
ls-large,3,26,1,4,471.9054,40.8890,1795.5914
ls-large,3,27,1,4,563.3932,48.6800,937.9143
ls-large,3,28,1,4,333.5797,46.8008,1352.4984
ls-large,3,29,0,4,57.7562,7.4542,323.5486
ls-large,3,30,1,4,420.8578,70.0880,1834.5562
ls-large,3,31,1,4,549.4368,51.5419,552.7167
ls-large,3,32,1,4,518.9493,49.4720,519.7167
ls-large,3,33,1,4,472.9369,58.4002,579.8699
ls-large,3,34,1,4,488.6313,29.1366,1027.7624
ls-large,3,35,1,4,510.1754,64.4709,859.1849
ls-large,3,36,1,4,389.6798,40.3685,574.8978
ls-large,3,37,0,2,32.9993,6.0269,120.3891
ls-large,3,38,1,4,508.1576,45.3760,686.9394
ls-large,3,39,1,4,664.0059,71.4890,973.8444
ls-large,3,40,1,4,557.0735,55.7360,1041.2519
ls-large,3,41,1,4,517.9069,36.0403,1692.9391
ls-large,3,42,0,4,71.9893,9.7920,354.6706
ls-large,3,43,1,4,351.1603,39.9943,1640.0654
ls-large,3,44,1,4,588.3203,33.6960,867.6249
ls-large,3,45,1,4,510.4432,22.3360,1138.7826
ls-large,3,46,1,4,401.6762,49.4080,1196.2148
ls-large,3,47,1,4,549.5460,65.8214,1345.7659
ls-large,3,48,1,4,565.2053,43.4525,1661.4560
ls-large,3,49,0,4,62.7018,13.6641,171.6614
ls-large,3,50,1,4,523.1978,29.7682,1510.3022
ls-large,3,51,0,4,62.7186,13.7922,142.6975
ls-large,3,52,0,4,67.4842,15.0062,431.2237
ls-large,3,53,1,4,393.1203,42.6000,1051.2070
ls-large,3,54,1,4,724.2400,88.2929,1250.4644
ls-large,3,55,1,4,518.6396,38.6240,1464.4295
ls-large,3,56,0,4,78.2134,12.5763,334.5873
ls-large,3,57,0,4,61.0034,7.6480,473.9157
ls-large,3,58,1,4,542.6098,69.8730,1834.1137
ls-large,3,59,0,4,71.6163,15.1424,327.9556
ls-large,3,60,1,4,485.1219,76.5840,1986.8269
ls-large,3,61,0,4,65.0108,11.0429,292.5197
ls-large,3,62,1,4,489.4960,64.5360,1866.3393
ls-large,3,63,1,4,421.4748,54.2420,1835.2585
ls-large,3,64,0,4,70.3004,19.9535,459.9040
ls-large,3,65,1,4,522.5157,36.8000,636.4371
ls-large,3,66,0,2,40.2501,4.2080,280.9428
ls-large,3,67,0,4,64.8513,14.9321,294.3602
ls-large,3,68,1,4,545.8489,39.1877,1316.5348
ls-large,3,69,0,4,73.7410,21.7983,454.8756
ls-large,3,70,1,4,513.4416,52.6800,1635.9850
ls-large,3,71,0,2,28.3130,4.4000,366.7529
ls-large,3,72,0,4,71.2390,8.6018,358.3338
ls-large,3,73,1,4,458.5960,50.1440,662.3237
ls-large,3,74,1,4,415.6874,70.2521,1471.2302
ls-large,3,75,1,4,656.7037,38.5107,1573.7532
ls-large,3,76,1,4,321.3899,39.5666,898.7691
ls-large,3,77,1,4,397.2605,37.1160,870.7944
ls-large,3,78,1,4,782.4061,81.4784,1312.2472
ls-large,3,79,1,4,653.0340,49.3932,1385.1782
ls-large,3,80,1,4,493.9105,62.5785,1547.2602
ls-large,3,81,1,4,481.9228,32.8000,1789.2837
ls-large,3,82,1,4,435.7428,64.9980,1802.8529
ls-large,3,83,0,4,79.8289,9.6640,226.3790
ls-large,3,84,1,4,433.4382,65.2880,545.2608
ls-large,3,85,0,4,61.0625,11.4560,169.2431
ls-large,3,86,0,4,67.1627,14.2040,425.0891
ls-large,3,87,1,4,618.3807,55.0185,1200.8604
ls-large,3,88,1,4,310.8387,33.4020,1258.9308
ls-large,3,89,0,2,34.9543,4.4000,448.2043
ls-large,3,90,1,2,222.9448,19.8400,1609.5795
ls-large,3,91,1,4,460.3414,59.2800,1548.5484
ls-large,3,92,1,4,501.9447,67.5923,616.9135
ls-large,3,93,1,2,236.6963,38.1374,812.5831
ls-large,3,94,0,4,85.7013,24.5753,275.3489
ls-large,3,95,1,4,361.6763,39.0000,1293.9967
ls-large,3,96,0,4,61.4115,6.0480,413.2721
ls-large,3,97,1,4,402.7030,40.3977,756.1459
ls-large,3,98,0,4,56.3498,11.8277,343.4725
ls-large,3,99,0,4,58.4576,18.6265,227.1426
ls-large,3,100,0,2,26.5114,3.1840,110.6653
ls-large,3,101,0,4,72.3742,19.4511,233.1912
ls-large,3,102,1,4,704.5532,52.4001,912.6333
ls-large,3,103,1,4,491.3465,38.3877,1722.0039
ls-large,3,104,0,2,37.1848,8.3356,336.9031
ls-large,3,105,0,4,64.7951,26.4759,301.2132
ls-large,3,106,0,4,75.1640,17.2952,459.9459
ls-large,3,107,1,4,545.6945,54.3689,1073.4692
ls-large,3,108,0,4,61.4115,20.2189,145.8695
ls-large,3,109,1,4,554.3168,42.2720,1756.1995
ls-large,3,110,1,4,554.3168,32.8400,1157.6726
ls-large,3,111,1,4,511.6985,69.9865,1924.1841
ls-large,3,112,0,4,66.8983,22.2851,136.7985
ls-large,3,113,0,4,72.9881,22.1819,279.9617
ls-large,3,114,0,2,29.3192,3.8080,235.3881
ls-large,3,115,1,4,508.4063,52.0052,1532.2900
ls-large,3,116,1,4,586.2478,40.7874,1950.8731
ls-large,3,117,1,4,424.7968,43.5959,1201.2273
ls-large,3,118,0,4,66.4441,6.9440,443.5533
ls-large,3,119,1,4,418.2726,37.7226,1197.8520
ls-large,3,120,0,4,73.3694,19.4952,261.1440
ls-large,3,121,0,4,78.8674,26.4718,182.3950
ls-large,3,122,1,4,630.1845,59.9698,1019.2239
ls-large,3,123,1,4,428.3009,52.0800,1676.1630
ls-large,3,124,1,4,422.4897,28.8357,1002.8050
ls-large,3,125,0,2,31.7891,4.2816,399.8145
ls-large,3,126,1,4,355.0289,58.7865,1922.0812
ls-large,3,127,1,4,439.9830,71.4970,1995.9528
ls-large,3,128,1,4,362.3422,20.5760,542.4056
ls-large,3,129,1,4,381.9499,28.2741,792.2226
ls-large,3,130,1,4,449.1190,31.1792,1613.1336
ls-large,3,131,0,4,67.6472,18.2077,131.0231
ls-large,3,132,1,4,611.3278,69.1600,1969.4763
ls-large,3,133,1,4,532.5062,78.0406,1288.9107
ls-large,3,134,1,4,521.6617,65.7120,544.1199
ls-large,3,135,1,2,383.9694,37.6280,521.4306
ls-large,3,136,1,4,645.0780,37.4794,805.9089
ls-large,3,137,1,4,641.2102,46.6935,1235.2709
ls-large,3,138,0,4,71.9548,31.6982,280.0075
ls-large,3,139,1,2,181.7091,26.2400,1009.2999
ls-large,3,140,0,4,71.9776,19.1101,481.4116
ls-large,3,141,1,4,522.6108,52.5695,524.9275
ls-large,3,142,1,2,195.0786,15.4640,1281.7041
ls-large,3,143,1,4,411.2732,45.2897,774.4241
ls-large,3,144,0,4,65.5911,32.5153,211.3753
ls-large,3,145,0,4,71.1446,14.5868,155.8604
ls-large,3,146,1,4,452.2025,33.4400,545.8941
ls-large,3,147,1,2,192.8364,26.0416,1678.2803
ls-large,3,148,1,4,444.0108,22.4640,1272.1895
ls-large,3,149,1,4,405.7145,47.4160,1912.2882
ls-large,3,150,0,4,76.9085,15.3478,226.9578
ls-large,3,151,0,4,66.8090,7.1040,265.3393
ls-large,3,152,0,4,69.7196,18.2340,379.2760
ls-large,3,153,1,4,610.1444,63.8800,901.4344
ls-large,3,154,0,4,84.1947,17.2588,169.8624
ls-large,3,155,0,4,80.7941,20.2901,369.8390
ls-large,3,156,1,4,471.5072,31.3600,784.3976
ls-large,3,157,0,2,34.3863,3.6320,252.9541
ls-large,3,158,1,4,461.8456,20.8320,696.9700
ls-large,3,159,0,4,63.2567,20.0237,473.8197
ls-large,3,160,1,4,424.7721,39.2512,1031.5573
ls-large,3,161,1,4,499.5992,30.2400,1609.1646
ls-large,3,162,1,4,645.2917,72.5651,723.6660
ls-large,3,163,0,4,67.1960,11.6719,220.2942
ls-large,3,164,0,4,68.2206,18.1247,341.4347
ls-large,3,165,1,4,417.8754,36.3626,736.9385
ls-large,3,166,1,4,545.3376,59.8400,638.7931
ls-large,3,167,1,4,645.0471,41.6015,1184.3539
ls-large,3,168,1,4,406.1182,57.3809,1793.2792
ls-large,3,169,1,4,447.7278,32.1632,684.7688
ls-large,3,170,1,4,476.2411,52.6749,1152.0652
ls-large,3,171,0,4,60.7042,16.4777,494.6124
ls-large,3,172,1,4,645.2917,65.3128,1138.2193
ls-large,3,173,0,4,62.2354,24.7696,492.5089
ls-large,3,174,0,4,65.7798,16.2261,272.4377
ls-large,3,175,1,4,554.3168,53.0160,1098.5188
ls-large,3,176,1,4,481.9546,24.7680,500.0472
ls-large,3,177,0,4,71.7525,13.8473,274.0672
ls-large,3,178,0,4,66.5905,12.0320,394.9654
ls-large,3,179,1,4,565.4256,60.7445,837.2851
ls-large,3,180,0,4,67.0258,9.5720,339.5397
ls-large,3,181,0,4,69.7332,8.8960,296.0862
ls-large,3,182,0,4,53.4270,9.2160,334.4260
ls-large,3,183,0,4,62.9802,19.8974,125.7480
ls-large,3,184,1,4,557.0735,50.7545,1447.0392
ls-large,3,185,1,4,514.1132,60.0800,802.9013
ls-large,3,186,0,4,62.4594,20.3546,329.5613
ls-large,3,187,0,4,76.3217,19.9778,213.8476
ls-large,3,188,0,4,61.0562,19.7490,459.9406
ls-large,3,189,1,4,620.4685,65.8080,1653.0585
ls-large,3,190,0,4,59.1730,12.9862,443.0886
ls-large,3,191,1,4,456.5873,40.4453,1906.4619
ls-large,3,192,1,4,446.1437,26.9440,1632.1593
ls-large,3,193,0,4,67.5883,11.6160,194.7093
ls-large,3,194,0,2,41.2766,7.2821,205.3406
ls-large,3,195,0,4,77.0753,8.5120,325.9352
ls-large,3,196,1,4,510.0869,51.2114,763.6409
ls-large,3,197,1,4,577.8881,58.8866,1163.5109
ls-large,3,198,1,4,519.0344,72.7246,526.9727
ls-large,3,199,1,4,443.4968,33.7280,1083.7288
ls-large,3,200,1,2,275.0124,20.1280,672.2118
ls-large,3,201,1,4,529.9504,27.1365,1023.5275
ls-large,3,202,1,4,550.4814,51.8151,1062.2356
ls-large,3,203,1,4,602.4598,55.1954,1553.0040
ls-large,3,204,1,2,326.7944,43.5360,1982.6496
ls-large,3,205,1,4,425.4952,49.0494,1218.1416
ls-large,3,206,0,4,71.9893,20.0586,385.2235
ls-large,3,207,0,4,74.2005,11.9680,316.4692
ls-large,3,208,1,4,519.9552,38.1120,1585.7898
ls-large,3,209,1,4,506.8542,56.8460,651.1855
ls-large,3,210,1,4,730.5048,79.4555,911.2901
ls-large,3,211,1,4,550.6439,45.6905,817.6228
ls-large,3,212,1,4,541.7248,54.5728,1943.8135
ls-large,3,213,1,4,256.7993,52.3196,870.4339
ls-large,3,214,1,4,589.3014,73.3432,1802.7638
ls-large,3,215,0,2,33.4025,4.8960,230.7073
ls-large,3,216,0,4,78.2134,15.0783,248.9516
ls-large,3,217,1,2,185.2643,32.7600,886.1888
ls-large,3,218,1,4,510.4432,40.1864,547.2120
ls-large,3,219,0,4,64.2888,11.5571,439.1320
ls-large,3,220,0,4,76.5531,10.5920,181.0695
ls-large,3,221,1,2,167.8612,38.5623,1141.6188
ls-large,3,222,0,4,67.6472,13.7743,203.6377
ls-large,3,223,0,4,80.2363,11.6160,102.8401
ls-large,3,224,1,4,362.7151,54.2328,764.1590
ls-large,3,225,0,2,27.5164,5.8720,102.7291
ls-large,3,226,1,4,566.4091,47.3280,566.4092
ls-large,3,227,0,4,68.4407,11.3873,350.8989
ls-large,3,228,1,4,391.3453,31.2960,736.5726
ls-large,3,229,1,4,338.1589,82.8268,935.0258
ls-large,3,230,0,4,71.4015,19.8577,281.6486
ls-large,3,231,1,4,398.0113,39.6800,1282.4177
ls-large,3,232,1,4,378.1459,40.1200,926.1650
ls-large,3,233,0,2,36.0184,5.1360,499.8129
ls-large,3,234,1,2,139.9602,14.8320,1249.2403
ls-large,3,235,1,4,483.8678,54.3291,517.3818
ls-large,3,236,0,4,78.6980,21.2131,462.2702
ls-large,3,237,1,4,610.6778,37.5920,950.6685
ls-large,3,238,1,4,396.5777,49.0880,1946.2857
ls-large,3,239,1,4,550.2373,26.2720,737.8025
ls-large,3,240,1,4,623.9884,85.7441,624.0210
ls-large,3,241,1,4,450.4543,53.1545,602.4531
ls-large,3,242,1,4,644.2060,67.6677,1150.9193
ls-large,3,243,1,4,446.5289,43.8560,1607.0952
ls-large,3,244,1,4,608.5681,35.0077,1475.8155
ls-large,3,245,1,4,566.7047,26.6240,1494.9148
ls-large,3,246,1,4,335.2512,31.6512,978.8000
ls-large,3,247,1,4,316.1314,56.3469,1065.7027
ls-large,3,248,1,4,457.0472,59.4098,1856.1929
ls-large,3,249,1,4,376.4371,42.5450,1648.4987
ls-large,3,250,1,4,486.4232,50.7938,1217.1146
ls-large,3,251,1,4,453.2200,38.8000,587.4224
ls-large,3,252,1,4,426.8248,26.3680,1094.1836
ls-large,3,253,0,4,84.1893,10.9120,319.7194
ls-large,3,254,1,4,409.3817,24.8706,1535.7060
ls-large,3,255,1,4,428.4601,51.6194,1324.8170
ls-large,3,256,1,4,510.8265,32.6080,922.8509
ls-large,3,257,1,4,371.1812,46.0057,844.0223
ls-large,3,258,1,4,549.2498,53.0454,1340.1963
ls-large,3,259,1,4,553.2052,31.0451,1629.6135
ls-large,3,260,1,4,398.0198,42.1656,732.2403
ls-large,3,261,1,2,226.3367,32.8010,1140.5528
ls-large,3,262,1,4,496.4823,28.6720,1176.5766
ls-large,3,263,1,4,519.1605,33.9278,1847.5562
ls-large,3,264,1,4,724.2400,67.3085,1620.9045
ls-large,3,265,0,2,27.3518,3.7280,340.2405
ls-large,3,266,0,4,75.9649,23.6542,262.7640
ls-large,3,267,0,4,68.9864,10.0160,499.2990
ls-large,3,268,0,4,61.7310,27.7235,211.2297
ls-large,3,269,1,4,558.6701,46.3334,1545.5038
ls-large,3,270,1,4,418.3539,55.2640,515.4632
ls-large,3,271,0,4,70.7118,17.7837,170.0229
ls-large,3,272,0,4,76.0312,25.2517,438.1946
ls-large,3,273,0,4,63.7364,12.9210,356.3187
ls-large,3,274,1,4,598.0031,58.8068,1515.2788
ls-large,3,275,0,4,63.4525,6.7840,180.6273
ls-large,3,276,0,4,65.0592,16.8511,119.7627
ls-large,3,277,0,4,64.8299,11.9680,381.9128
ls-large,3,278,1,4,421.5703,54.9260,1553.1236
ls-large,3,279,1,4,445.9126,52.1789,1167.7158
ls-large,3,280,1,4,615.2680,32.2867,617.0323
ls-large,3,281,1,4,335.5539,34.3360,1280.6912
ls-large,3,282,0,4,84.5348,19.7650,249.1091
ls-large,3,283,1,4,396.5389,53.3600,1948.3953
ls-large,3,285,1,4,459.3881,67.1387,1426.3927
ls-large,3,286,1,2,198.1874,27.5920,630.8818
ls-large,3,287,1,4,394.3613,43.9900,1781.5430
ls-large,3,288,1,4,495.2621,60.8594,1905.0973
ls-large,3,289,1,4,406.8330,28.8400,1489.5412
ls-large,3,290,0,4,82.0262,9.6320,339.6090
ls-large,3,291,0,4,69.3806,9.7920,224.2852
ls-large,3,292,1,2,332.1638,31.4554,1045.2204
ls-large,3,293,1,4,476.0818,28.6858,1210.7427
ls-large,3,294,0,4,73.5601,9.0240,290.6155
ls-large,3,295,0,2,31.3383,13.8587,371.5403
ls-large,3,296,1,4,508.0882,64.8590,1793.2873
ls-large,3,297,1,4,500.2017,47.7628,586.8625
ls-large,3,298,1,4,450.1096,57.7889,1128.6541
ls-large,3,299,0,4,81.7824,6.9188,258.5067
ls-large,3,300,1,4,412.6177,47.6800,1922.1045
ls-large,3,301,1,4,355.6063,56.6960,1610.0668
ls-large,3,302,1,4,338.0222,46.2800,1054.8514
ls-large,3,303,1,4,345.5679,27.4560,867.2210
ls-large,3,304,0,4,57.1823,7.1680,491.9187
ls-large,3,305,1,4,726.0041,56.7695,1750.0224
ls-large,3,306,1,4,458.2700,32.6750,816.0684
ls-large,3,307,1,4,406.1182,38.6000,1760.8927
ls-large,3,308,1,4,554.3168,40.6608,928.3581
ls-large,3,309,1,4,467.6401,43.0432,1596.5988
ls-large,3,311,0,4,71.1446,16.1449,305.3654
ls-large,3,313,1,4,402.1150,24.3200,1707.0058
ls-large,3,314,0,4,78.0807,18.8647,133.3060
ls-large,3,315,1,4,581.7851,43.0638,1337.8072
ls-large,3,316,1,4,557.2536,48.8672,1033.1229
ls-large,3,317,1,4,493.7944,45.6513,1522.5058
ls-large,3,318,0,4,78.8674,17.0327,211.1802
ls-large,3,319,1,4,519.6672,81.0669,573.5000
ls-large,3,320,0,4,67.6584,12.9016,361.6942
ls-large,3,321,1,4,418.2726,49.5492,1092.1256
ls-large,3,322,0,4,64.3482,6.8800,252.7921
ls-large,3,323,0,4,53.6621,6.7520,324.4179
ls-large,3,324,0,4,67.6348,13.1931,128.9780
ls-large,3,326,1,4,465.4925,38.9351,1733.3503
ls-large,3,327,1,4,402.0094,35.4174,665.2773
ls-large,3,329,1,4,400.0265,48.7444,874.4954
ls-large,3,330,0,4,59.8614,11.2168,190.4943
ls-large,3,331,0,4,82.2867,9.8560,340.8586
ls-large,3,333,1,4,490.6257,31.1600,1728.2865
ls-large,3,335,1,4,687.0905,54.7145,974.0117
ls-large,3,336,0,4,67.8379,7.9657,352.5443
ls-large,3,337,0,4,60.6280,8.8320,181.6666
ls-large,3,341,1,4,726.0041,66.8155,729.6785
ls-large,3,342,0,4,75.1378,17.7587,395.1286
ls-large,3,347,1,4,320.2234,32.6970,531.0859
ls-large,3,350,1,4,584.3491,58.6841,1940.8785
ls-large,3,384,1,4,365.2774,45.7280,751.0096
ls-large,3,387,0,4,82.0262,8.4480,133.7595
ls-large,3,405,0,4,69.2560,17.5274,410.7762
ls-large,3,408,1,4,568.7014,39.4800,854.8327
ls-large,3,409,1,4,644.2060,27.0400,1843.9899
ls-large,3,429,0,4,77.8287,16.2335,246.2679
ls-large,3,431,0,4,68.1999,12.1507,342.9026
ls-large,3,432,0,2,40.6328,13.0941,203.6267
ls-large,3,447,1,2,210.8589,26.7333,1978.8096
ls-large,3,451,0,4,65.9770,7.9680,140.8517
ls-large,3,458,1,4,536.9323,71.8303,1319.1033
ls-large,3,466,1,2,258.7435,20.8004,1206.9112
ls-large,3,499,1,4,464.4110,53.6062,744.0418
ls-large,3,544,1,4,598.8109,35.4189,1198.8632
ls-large,3,547,1,2,314.9113,18.0960,574.0326
ls-large,3,550,1,2,198.1874,15.0320,751.1465
ls-large,3,551,0,4,73.9438,19.9507,245.7577
ls-large,3,567,1,4,435.1421,48.8719,797.5173
ls-large,3,578,1,4,649.5074,41.1840,1628.0404
ls-large,3,595,0,2,31.8269,15.3589,182.2656
ls-large,3,620,0,4,79.0244,21.9285,452.1137
ls-large,3,653,1,4,568.7872,50.7042,741.2949
ls-large,3,708,0,4,75.2060,11.4880,233.2562
ls-large,3,802,0,4,77.8287,16.4946,257.9541
ls-large,3,814,0,4,67.8144,11.8080,385.6751
ls-large,3,822,0,4,84.1808,17.4072,162.2006
ls-large,3,914,1,4,568.7872,22.0160,1534.9912
ls-large,3,936,1,2,314.9113,30.6528,815.1688
ls-large,3,963,1,2,332.1638,16.3341,1378.9778
ls-large,3,970,0,4,72.3168,14.5543,357.6384
ls-large,3,972,0,4,67.1751,6.2720,437.1205
ls-large,4,0,0,2,29.0487,4.6400,136.0401
ls-large,4,1,1,4,312.4080,38.8787,1280.5089
ls-large,4,2,1,4,459.2447,66.3872,821.6006
ls-large,4,3,1,4,380.0240,31.9200,934.4610
ls-large,4,4,1,4,583.5612,66.6709,766.6853
ls-large,4,5,0,4,69.5796,10.5280,463.5481
ls-large,4,6,1,4,543.6008,48.1368,1135.5966
ls-large,4,7,1,4,608.9021,36.2046,1718.8885
ls-large,4,8,0,4,70.2486,27.6351,380.3515
ls-large,4,9,0,4,75.2091,13.6241,210.5219
ls-large,4,10,1,4,389.3934,45.2320,651.4692
ls-large,4,11,0,4,62.3634,19.4521,148.8582
ls-large,4,12,1,4,418.7915,23.4760,1843.8917
ls-large,4,13,0,4,70.3520,13.5841,410.0958
ls-large,4,14,1,4,551.1081,33.5998,1841.1255
ls-large,4,15,0,4,70.0040,16.3471,329.2360
ls-large,4,16,1,4,404.9179,54.3145,1357.1836
ls-large,4,17,1,4,465.2995,39.9672,593.3138
ls-large,4,18,1,4,477.3693,30.1200,1373.9976
ls-large,4,19,0,4,65.4516,19.3722,360.6449
ls-large,4,20,0,4,58.1632,14.7369,114.7477
ls-large,4,21,0,2,30.8334,8.0322,175.0840
ls-large,4,22,0,4,66.7366,14.0890,266.8539
ls-large,4,23,1,4,591.6407,53.5289,1985.8561
ls-large,4,24,1,4,334.6685,23.0400,1894.8916
ls-large,4,25,1,4,500.0495,66.5994,1722.2393
ls-large,4,26,1,4,505.9196,52.0800,1884.1999
ls-large,4,27,1,4,569.6075,29.1520,1092.1997
ls-large,4,28,1,4,373.8370,44.4788,1531.7791
ls-large,4,29,1,4,396.6428,56.2302,1697.0199
ls-large,4,30,0,2,35.6772,12.3058,423.9489
ls-large,4,31,1,4,468.2046,53.0394,1507.2227
ls-large,4,32,1,4,362.8714,35.4240,618.4837
ls-large,4,33,1,4,381.9655,48.3200,562.0644
ls-large,4,34,1,4,376.9838,33.5271,627.7115
ls-large,4,35,1,4,608.8966,63.8560,850.5509
ls-large,4,36,0,4,59.4602,9.2415,304.9899
ls-large,4,37,1,2,180.4978,22.7200,1442.8887
ls-large,4,38,1,4,502.7169,35.6800,1697.5233
ls-large,4,39,1,4,603.1122,40.2240,1241.3828
ls-large,4,40,1,4,508.3425,69.0362,508.3432
ls-large,4,41,1,4,418.0980,37.5537,1281.0719
ls-large,4,42,1,4,380.5817,47.3764,1515.1000
ls-large,4,43,1,4,490.1124,76.6515,1905.1053
ls-large,4,44,1,4,551.0825,39.3783,877.5443
ls-large,4,45,1,4,571.2972,48.3064,623.8402
ls-large,4,46,0,4,62.6397,9.0880,369.9867
ls-large,4,47,1,4,544.7699,75.4362,1481.3789
ls-large,4,48,1,4,503.6037,35.7553,1701.6567
ls-large,4,49,0,4,72.2205,11.2210,404.1008
ls-large,4,50,1,4,480.0157,51.6400,1779.1620
ls-large,4,51,0,4,59.5888,10.0480,223.8706
ls-large,4,52,1,4,522.2573,58.4029,1259.4272
ls-large,4,53,1,4,388.8133,48.6717,775.8385
ls-large,4,54,1,4,608.8966,53.9167,1926.5992
ls-large,4,55,0,4,41.9030,15.6486,341.5214
ls-large,4,56,1,4,457.1205,47.1073,1838.8458
ls-large,4,57,1,4,324.8567,22.2400,1921.8925
ls-large,4,58,1,4,279.5126,42.3040,1286.5506
ls-large,4,59,0,4,71.8819,15.4723,208.2514
ls-large,4,60,1,4,573.2035,50.5145,1482.7690
ls-large,4,61,1,2,326.1136,37.3014,1253.8238
ls-large,4,62,1,4,619.6270,64.4767,752.0520
ls-large,4,63,1,4,564.1462,51.9200,992.6331
ls-large,4,64,1,4,415.1114,27.0868,955.9964
ls-large,4,65,0,2,37.0001,9.9316,192.5104
ls-large,4,66,1,4,392.7409,57.3800,1994.6588
ls-large,4,67,1,2,303.3453,23.6480,1212.3643
ls-large,4,68,1,4,522.8763,47.2320,1731.0544
ls-large,4,69,1,4,355.6934,56.8400,1437.5815
ls-large,4,70,1,4,594.3865,51.0278,1487.5068
ls-large,4,71,1,4,461.0706,40.8296,765.7034
ls-large,4,72,1,4,406.9633,56.6621,801.2730
ls-large,4,73,1,4,665.5098,111.5844,675.1713
ls-large,4,74,0,4,66.5650,10.7866,348.9021
ls-large,4,75,0,2,29.8104,5.8720,243.9339
ls-large,4,76,1,4,522.8763,40.7040,759.2976
ls-large,4,77,1,4,569.6075,75.9897,1683.2528
ls-large,4,78,0,4,58.1041,6.1760,472.7332
ls-large,4,79,1,4,792.1658,56.1164,1625.4242
ls-large,4,80,0,4,69.6913,13.5743,205.4283
ls-large,4,81,1,4,428.0605,38.2892,1430.3061
ls-large,4,82,1,4,355.6934,49.1520,1468.2428
ls-large,4,83,1,4,376.9811,29.7421,866.2412
ls-large,4,84,1,2,316.7959,15.1680,1860.5269
ls-large,4,85,1,4,460.4354,64.1691,1514.9016
ls-large,4,86,1,4,442.9685,57.6899,1979.4342
ls-large,4,87,0,2,31.8465,10.3862,369.2820
ls-large,4,88,0,4,70.4657,28.6145,291.5096
ls-large,4,89,1,2,228.1970,26.7572,1757.6373
ls-large,4,90,0,4,63.6425,7.8400,245.4744
ls-large,4,91,1,4,523.7293,32.5440,1916.5399
ls-large,4,92,0,4,70.5745,17.2077,110.7820
ls-large,4,93,1,4,558.4133,62.4334,1911.7540
ls-large,4,94,0,4,53.4895,9.1200,240.2555
ls-large,4,95,1,4,428.7107,49.5599,817.2104
ls-large,4,96,1,4,544.0537,42.1805,742.0125
ls-large,4,97,0,4,66.8066,13.7741,339.6885
ls-large,4,98,1,4,488.6633,56.3560,700.9618
ls-large,4,99,0,4,65.7357,17.7664,168.0397
ls-large,4,100,1,4,365.2883,65.8196,1395.2397
ls-large,4,101,1,4,401.0076,38.9600,1206.7676
ls-large,4,102,1,4,529.6887,46.8573,714.8924
ls-large,4,103,1,4,561.9266,37.6320,1563.7835
ls-large,4,104,0,4,67.0354,7.4880,218.0803
ls-large,4,105,1,4,558.4162,57.9264,1832.0752
ls-large,4,106,0,4,69.5584,8.8640,128.8188
ls-large,4,107,1,4,559.3772,64.5920,798.2573
ls-large,4,108,0,2,31.9261,14.9159,104.2365
ls-large,4,109,1,4,437.0306,37.1840,638.7233
ls-large,4,110,1,4,596.6840,42.6740,596.6855
ls-large,4,111,1,4,355.5510,72.5200,1497.5127
ls-large,4,112,1,4,573.6849,45.1400,735.5791
ls-large,4,113,1,4,473.6014,56.0424,1945.4283
ls-large,4,114,1,4,516.9895,51.4240,755.8887
ls-large,4,115,1,4,392.9146,55.8607,1936.5168
ls-large,4,116,1,2,240.7469,17.3920,956.0512
ls-large,4,117,1,4,426.6813,56.4397,1425.8706
ls-large,4,118,1,4,657.4269,25.4080,1795.0582
ls-large,4,119,0,4,67.2337,6.8160,308.4406
ls-large,4,120,1,2,176.1846,21.2000,1876.0837
ls-large,4,121,1,4,369.1279,50.7600,935.9673
ls-large,4,122,1,4,841.8920,34.6455,1109.5818
ls-large,4,123,1,4,545.4978,51.9992,1962.2773
ls-large,4,124,1,4,487.6706,72.3426,1019.6235
ls-large,4,125,1,4,583.8649,47.0902,1329.1447
ls-large,4,126,0,4,63.9625,13.2750,400.4900
ls-large,4,127,0,4,67.3732,8.3072,395.0959
ls-large,4,128,1,4,347.1234,33.9294,1697.2138
ls-large,4,129,1,2,271.4171,34.4000,1152.6298
ls-large,4,130,1,4,558.0707,68.8927,927.0012
ls-large,4,131,0,4,62.2149,18.0645,345.6649
ls-large,4,132,1,4,497.8808,43.6794,1126.8348
ls-large,4,133,1,4,424.7641,24.4800,1204.3636
ls-large,4,134,0,4,66.0099,29.9413,316.5034
ls-large,4,135,1,4,459.1044,70.4441,1893.1528
ls-large,4,136,1,4,642.0270,57.5600,881.5087
ls-large,4,137,1,4,464.1944,51.1706,1189.2615
ls-large,4,138,0,4,56.1383,22.3730,161.9253
ls-large,4,139,1,4,553.5347,40.6406,553.5370
ls-large,4,140,0,4,63.8647,13.2982,169.6222
ls-large,4,141,1,4,398.2775,26.9084,1251.6732
ls-large,4,142,0,2,30.6884,7.8824,383.1292
ls-large,4,143,1,4,555.3640,35.8937,1793.1695
ls-large,4,144,1,4,486.9939,38.2344,1567.9043
ls-large,4,145,1,4,338.9450,32.0000,1768.0249
ls-large,4,146,1,2,173.9695,20.3728,716.4585
ls-large,4,147,1,4,593.2996,61.8800,1049.6583
ls-large,4,148,0,4,63.3578,11.7944,328.3010
ls-large,4,149,1,4,398.6307,51.4873,736.2900
ls-large,4,150,1,2,307.2817,32.7982,1419.6317
ls-large,4,151,1,4,380.8102,46.1200,546.6756
ls-large,4,152,1,4,451.2586,50.4800,896.9111
ls-large,4,153,1,4,569.7236,47.8400,1292.0148
ls-large,4,154,0,4,63.3224,18.0874,394.4309
ls-large,4,155,1,4,706.0362,104.4612,1946.0985
ls-large,4,156,1,4,737.8512,51.8854,1593.2175
ls-large,4,157,1,4,422.3618,65.0738,1367.2991
ls-large,4,158,1,2,259.2901,44.8984,1226.9248
ls-large,4,159,0,4,71.5121,21.3091,460.8866
ls-large,4,160,1,4,449.9196,46.6712,903.1146
ls-large,4,161,1,4,383.8669,47.4059,1074.5657
ls-large,4,162,1,4,300.3292,45.3003,1440.3645
ls-large,4,163,0,4,64.0865,19.7331,220.5057
ls-large,4,164,1,4,792.1658,53.6483,1667.6809
ls-large,4,165,1,4,368.9048,58.2800,1000.8667
ls-large,4,166,1,4,432.1162,65.8901,1701.2839
ls-large,4,167,1,4,591.4078,54.7832,1607.0957
ls-large,4,168,1,4,510.9075,43.4394,1294.4235
ls-large,4,169,0,4,61.2840,30.1660,349.3248
ls-large,4,170,0,4,65.3933,11.5200,461.8039
ls-large,4,171,1,4,573.5752,61.1600,1110.1647
ls-large,4,172,1,4,610.1880,64.5429,704.6782
ls-large,4,173,1,4,417.2101,73.1200,888.9078
ls-large,4,174,1,4,421.5142,66.7590,883.7863
ls-large,4,175,0,2,33.1646,6.3569,442.6386
ls-large,4,176,0,4,57.2097,12.8904,444.1733
ls-large,4,177,1,4,580.7133,30.6400,1667.5907
ls-large,4,178,1,4,393.5965,62.4800,1272.0893
ls-large,4,179,1,4,694.3318,65.9243,1529.8100
ls-large,4,180,1,4,311.2345,36.0800,1298.2633
ls-large,4,181,0,4,68.9255,11.1040,319.1521
ls-large,4,182,0,4,63.7784,11.2076,496.1460
ls-large,4,183,0,2,30.8334,7.4288,335.0453
ls-large,4,184,1,4,416.8708,76.7718,1623.7973
ls-large,4,185,1,4,525.4160,26.5920,1468.5909
ls-large,4,186,0,4,50.0321,15.5331,227.2677
ls-large,4,187,1,2,240.4889,12.2880,1202.1375
ls-large,4,188,1,4,448.9808,22.8160,1334.7107
ls-large,4,189,1,2,268.6095,21.3760,688.1925
ls-large,4,190,1,4,474.7423,56.3600,1196.3474
ls-large,4,191,1,4,500.0495,31.7486,1449.9804
ls-large,4,192,0,4,67.8985,11.0711,339.7665
ls-large,4,194,1,4,628.9324,46.5136,646.4556
ls-large,4,195,1,4,572.0438,68.5636,638.1229
ls-large,4,196,1,4,595.3364,28.1727,1814.4520
ls-large,4,197,1,4,481.4051,37.8800,1202.4707
ls-large,4,198,1,2,233.6467,21.1280,586.4947
ls-large,4,199,1,4,345.1304,41.8240,1757.2936
ls-large,4,200,1,4,579.2544,71.4836,1680.2307
ls-large,4,201,1,4,377.4213,62.3530,984.3819
ls-large,4,202,0,4,65.2329,11.4240,258.1886
ls-large,4,203,1,4,504.3403,63.2823,722.0920
ls-large,4,204,1,4,535.9490,51.2256,1816.2933
ls-large,4,206,1,4,529.6887,61.9767,1355.2281
ls-large,4,207,1,4,401.9741,31.8459,599.8731
ls-large,4,208,0,4,68.3755,6.6880,269.9370
ls-large,4,209,1,4,420.0171,49.9200,605.5820
ls-large,4,210,1,2,220.3877,35.1040,945.5507
ls-large,4,211,0,4,64.0178,10.0160,444.9714
ls-large,4,212,0,4,64.9595,12.0008,423.6296
ls-large,4,213,0,4,66.0212,7.2640,312.1467
ls-large,4,214,1,4,370.9892,66.5404,1282.7605
ls-large,4,215,1,4,505.0272,49.2841,781.3436
ls-large,4,216,1,2,307.2817,17.1794,687.9938
ls-large,4,217,0,4,68.1790,20.3237,209.2866
ls-large,4,218,1,4,655.2000,43.1360,702.6087
ls-large,4,219,0,4,66.0261,13.4848,204.2427
ls-large,4,220,0,4,67.1500,17.6804,439.1740
ls-large,4,221,1,4,491.0764,71.8867,1185.3444
ls-large,4,222,1,4,554.1820,64.2244,1598.7647
ls-large,4,223,1,4,608.9021,32.7457,1603.0091
ls-large,4,224,0,4,62.2760,21.8836,230.9938
ls-large,4,225,1,4,561.9266,49.9373,1220.9279
ls-large,4,226,1,2,206.4183,12.3360,1741.1910
ls-large,4,227,0,2,32.6730,4.1120,396.4056
ls-large,4,228,1,4,334.9274,36.5996,1259.3727
ls-large,4,229,1,4,559.3772,39.3733,1151.1765
ls-large,4,230,1,4,611.7915,25.1200,1343.9336
ls-large,4,232,1,4,591.3291,43.5628,1915.5445
ls-large,4,233,1,2,226.9943,25.7760,670.6653
ls-large,4,234,0,4,70.7323,43.2812,481.7559
ls-large,4,235,1,4,577.2916,61.6862,651.6520
ls-large,4,236,1,4,544.2599,42.2720,1545.5602
ls-large,4,237,1,4,473.6250,39.5776,1629.8887
ls-large,4,238,1,4,377.5065,44.8440,1689.5737
ls-large,4,239,1,2,218.4931,22.7147,1960.4021
ls-large,4,240,1,4,435.8773,57.3440,1906.4968
ls-large,4,241,1,2,282.4377,24.2480,1698.1452
ls-large,4,242,0,4,71.8819,10.7128,119.6794
ls-large,4,243,1,4,495.7331,54.2232,1613.3364
ls-large,4,244,1,4,523.7293,32.3840,1990.9348
ls-large,4,245,1,4,439.7378,42.8471,937.3722
ls-large,4,246,1,4,471.7979,43.6400,1998.6929
ls-large,4,247,1,4,394.7473,27.8852,857.1883
ls-large,4,248,0,4,50.2959,10.3040,202.4525
ls-large,4,249,0,4,65.5068,11.0951,325.5016
ls-large,4,250,0,4,62.3090,27.1668,190.8929
ls-large,4,251,1,4,385.5930,39.3587,1069.0196
ls-large,4,252,1,4,479.1263,46.7598,1244.1057
ls-large,4,253,0,4,48.4341,15.0767,439.0930
ls-large,4,255,1,4,410.7843,37.5828,1453.0719
ls-large,4,256,1,4,440.3765,24.6551,1148.8564
ls-large,4,257,0,4,72.3995,13.6823,405.8926
ls-large,4,259,0,2,37.0898,5.9099,440.8408
ls-large,4,260,1,4,395.5856,44.2478,1246.8233
ls-large,4,262,1,4,793.2659,59.5512,1532.2371
ls-large,4,263,1,4,502.1163,26.6240,1050.0179
ls-large,4,264,0,4,66.2134,10.3040,140.4958
ls-large,4,265,1,2,236.9123,62.4914,1887.6038
ls-large,4,266,0,4,67.7890,14.2569,370.9071
ls-large,4,267,0,4,66.3622,8.0640,332.3289
ls-large,4,268,0,4,63.7265,8.3520,336.4274
ls-large,4,269,1,2,233.6467,16.4000,1652.5181
ls-large,4,270,0,4,71.6298,12.6584,481.4988
ls-large,4,271,0,4,61.2840,13.7611,430.1018
ls-large,4,274,1,4,164.9364,38.7600,1225.6602
ls-large,4,276,1,2,193.3753,33.4990,759.2830
ls-large,4,278,1,4,542.8794,74.2819,708.1290
ls-large,4,279,1,4,386.5587,53.7672,1159.8391
ls-large,4,280,0,4,72.1532,8.7040,477.1589
ls-large,4,281,1,4,529.1381,58.2110,531.4133
ls-large,4,282,1,4,435.4594,34.9037,1308.5672
ls-large,4,288,0,4,63.2978,15.3752,161.2969
ls-large,4,289,1,4,532.5738,46.7200,1528.5075
ls-large,4,290,0,4,61.0293,10.3680,423.8668
ls-large,4,291,0,4,62.3420,20.9142,284.6839
ls-large,4,295,0,4,60.2808,20.3822,292.9508
ls-large,4,298,1,4,401.9741,51.7040,1594.3961
ls-large,4,299,0,4,63.5724,15.6410,243.3943
ls-large,4,300,0,4,57.2750,14.5653,451.0329
ls-large,4,301,0,4,65.3781,11.8636,187.9865
ls-large,4,303,1,4,552.0874,69.2844,890.6218
ls-large,4,304,1,4,649.4127,39.2501,1374.3396
ls-large,4,306,1,4,457.1205,30.5280,1904.3038
ls-large,4,310,1,4,427.2095,31.5200,1726.7168
ls-large,4,311,0,4,60.2544,6.4320,347.5688
ls-large,4,313,1,4,675.2979,54.9617,1703.3874
ls-large,4,315,1,2,179.7162,13.7606,1427.6741
ls-large,4,318,0,4,76.1713,15.4110,392.0411
ls-large,4,319,1,4,539.2448,40.3934,760.1187
ls-large,4,320,0,4,64.4105,14.3123,498.4779
ls-large,4,322,1,2,217.2243,29.5193,1448.7931
ls-large,4,325,1,4,484.9131,41.0400,1094.7666
ls-large,4,326,1,4,638.3975,66.3600,833.9457
ls-large,4,327,1,4,394.1172,49.0880,779.5287
ls-large,4,331,0,4,64.0846,17.3133,145.6542
ls-large,4,336,1,4,466.1770,66.7844,676.9350
ls-large,4,342,0,4,59.1516,12.9309,228.0202
ls-large,4,348,0,4,62.6425,9.9200,307.9892
ls-large,4,352,1,4,402.9864,35.9280,1423.1247
ls-large,4,353,1,4,524.4409,45.2639,1794.4870
ls-large,4,356,0,4,68.5484,16.4557,153.1472
ls-large,4,365,1,4,634.7488,53.2471,1491.6850
ls-large,4,366,0,4,61.5974,13.4289,498.5077
ls-large,4,367,1,4,532.1742,39.5840,1009.7916
ls-large,4,374,1,4,465.5127,41.1520,1622.5167
ls-large,4,378,1,4,468.9398,64.2204,537.0293
ls-large,4,387,1,2,235.5670,12.9444,1614.9913
ls-large,4,397,0,4,63.5085,6.0480,203.6780
ls-large,4,410,1,4,585.7755,65.2286,595.0053
ls-large,4,412,0,2,35.4241,13.2530,234.0017
ls-large,4,419,1,2,152.3220,11.0880,1064.9752
ls-large,4,422,0,4,72.6112,11.0720,236.7236
ls-large,4,425,1,4,634.7488,52.7570,957.2007
ls-large,4,427,0,4,66.2731,17.0995,230.7609
ls-large,4,432,1,2,137.1966,27.2716,1009.9719
ls-large,4,441,0,4,64.1907,10.3172,281.4429
ls-large,4,453,1,4,599.7743,51.3227,622.2558
ls-large,4,482,1,2,177.9760,28.9545,861.3545
ls-large,4,532,1,4,767.7972,50.5786,1237.0351
ls-large,4,558,0,4,65.8714,15.4974,397.3222
ls-large,4,560,0,2,38.0810,5.8834,194.3933
ls-large,4,569,1,4,675.2979,25.4720,839.0226
ls-large,4,641,0,2,36.6730,3.0400,395.4214
ls-large,4,667,1,4,682.9235,47.8684,1011.8446
ls-large,4,689,1,4,682.9235,45.7306,1170.9384
ls-large,4,697,1,4,651.4766,29.5280,1225.8051
ls-large,4,731,1,2,318.7162,36.7505,1468.7984
ls-large,4,744,1,4,768.3840,36.0540,1304.2588
ls-large,4,774,1,4,583.8649,24.8800,872.4071
ls-large,4,829,1,2,318.7162,19.3040,1026.1711
ls-large,4,878,1,4,703.9359,44.3157,763.2357
ls-large,4,989,0,2,32.7063,5.8400,318.1253
ls-large,5,0,1,4,384.9225,70.1040,1663.9379
ls-large,5,1,1,4,478.7310,28.6000,1802.6682
ls-large,5,2,0,4,69.8132,8.0640,263.2604
ls-large,5,3,0,4,60.4019,9.6132,150.6797
ls-large,5,4,1,4,406.5595,51.4560,933.9578
ls-large,5,5,1,4,279.3745,51.6990,1911.4640
ls-large,5,6,0,4,61.6663,10.8558,474.3171
ls-large,5,7,1,4,493.9347,107.2868,599.0337
ls-large,5,8,1,4,504.5700,43.7732,1208.8075
ls-large,5,9,0,4,63.2882,6.2080,437.9524
ls-large,5,10,1,4,486.6397,35.5558,1179.2334
ls-large,5,11,1,4,440.6903,29.8275,1894.4830
ls-large,5,12,1,4,521.1270,82.1444,662.0793
ls-large,5,13,0,4,56.7979,6.7840,305.1520
ls-large,5,14,1,4,424.6878,61.8400,1528.9487
ls-large,5,15,1,4,617.4695,58.5331,1995.0902
ls-large,5,16,0,4,69.9094,15.8475,112.7306
ls-large,5,17,1,4,467.1020,34.9120,583.5608
ls-large,5,18,1,4,346.0201,49.1204,1445.5989
ls-large,5,19,0,4,55.5273,28.6679,437.8936
ls-large,5,20,1,4,731.2671,76.5335,1940.1970
ls-large,5,21,0,4,59.6549,9.8880,145.0241
ls-large,5,22,1,4,425.2232,44.2299,633.7061
ls-large,5,23,1,4,590.7902,90.8684,1679.0339
ls-large,5,24,1,4,340.8907,68.3403,1338.9715
ls-large,5,25,0,4,75.7182,19.1877,482.7542
ls-large,5,26,1,4,389.7739,24.4400,988.8574
ls-large,5,27,0,4,75.7940,13.1509,239.1538
ls-large,5,28,1,4,493.6407,72.6829,1964.1833
ls-large,5,29,0,4,54.9442,14.9690,474.9527
ls-large,5,30,1,4,346.8985,43.9993,1425.1707
ls-large,5,31,1,4,455.2724,47.2962,1580.6217
ls-large,5,32,0,4,69.6024,9.6320,187.6153
ls-large,5,33,1,4,397.3623,42.2742,1837.7148
ls-large,5,34,1,4,365.1396,48.3067,1123.2347
ls-large,5,35,1,2,140.3968,11.1680,1577.0228
ls-large,5,36,1,4,367.9736,78.1440,1799.6019
ls-large,5,37,1,4,378.4608,38.0160,942.9220
ls-large,5,38,1,4,231.9807,29.6000,1128.6529
ls-large,5,39,1,4,380.6610,45.7258,1345.7887
ls-large,5,40,1,4,319.2987,45.4573,661.8775
ls-large,5,41,1,2,193.0214,33.5600,1147.5257
ls-large,5,42,0,4,71.4409,11.8400,484.4556
ls-large,5,43,1,4,279.1794,54.3200,876.6024
ls-large,5,44,1,4,422.3050,53.2410,714.9371
ls-large,5,45,1,4,501.8104,51.4560,939.6546
ls-large,5,46,0,4,57.2632,10.4000,197.3887
ls-large,5,47,0,4,59.6076,19.5139,217.2753
ls-large,5,48,1,4,411.3822,52.1440,1640.5980
ls-large,5,49,1,2,220.0031,15.5040,1196.5051
ls-large,5,50,0,4,61.4915,13.7902,374.2932
ls-large,5,51,0,4,69.7182,15.7141,443.4772
ls-large,5,52,1,4,277.4490,58.8800,1197.6270
ls-large,5,53,1,4,458.2519,61.6592,1472.5919
ls-large,5,54,0,4,61.8087,9.9520,489.1687
ls-large,5,55,1,4,420.5708,42.1106,1598.9514
ls-large,5,56,1,4,740.3491,67.3658,1583.8979
ls-large,5,57,1,4,333.6887,46.9222,828.8482
ls-large,5,58,1,2,144.8340,22.5693,774.6288
ls-large,5,59,1,4,469.3776,24.3763,1333.2666
ls-large,5,60,0,4,65.8734,16.1057,396.9350
ls-large,5,61,0,4,59.5691,11.0073,295.8319
ls-large,5,62,0,4,65.0540,12.2244,464.1690
ls-large,5,63,0,2,26.9483,10.6845,201.6761
ls-large,5,64,1,4,720.3661,111.2635,1180.0073
ls-large,5,65,0,4,55.6895,6.1760,134.0973
ls-large,5,66,1,4,547.5908,41.7055,1084.7782
ls-large,5,67,1,4,360.4870,28.4000,580.4888
ls-large,5,68,1,4,416.9410,40.5396,1959.0462
ls-large,5,69,0,4,64.4887,14.5215,434.3269
ls-large,5,70,1,4,604.3654,90.9221,1067.2083
ls-large,5,71,1,4,316.6323,34.1760,1388.9402
ls-large,5,72,1,4,310.7560,51.3915,555.6533
ls-large,5,73,0,2,34.1350,5.0240,100.1759
ls-large,5,74,1,4,526.5257,67.3769,1198.3602
ls-large,5,75,0,4,64.3855,27.0596,447.6269
ls-large,5,76,1,4,527.2347,23.5840,1625.5518
ls-large,5,77,1,4,431.1964,36.7459,974.0973
ls-large,5,78,1,2,179.6874,19.1404,1678.0251
ls-large,5,79,1,4,307.0615,31.2140,801.5337
ls-large,5,80,0,4,56.8326,6.6880,464.6692
ls-large,5,81,0,4,70.8820,8.9920,392.9391
ls-large,5,82,1,4,284.6568,32.1710,1468.8104
ls-large,5,83,0,4,57.4363,16.7626,167.9030
ls-large,5,84,1,4,506.3884,52.5797,1574.8040
ls-large,5,85,0,4,74.8987,14.4765,357.6983
ls-large,5,86,1,4,336.8146,27.1773,1168.8154
ls-large,5,87,1,2,285.0580,30.5971,782.0883
ls-large,5,88,1,4,508.9824,56.3684,1312.9056
ls-large,5,89,0,4,68.0838,12.0000,276.4846
ls-large,5,90,1,4,309.0255,45.1520,1588.4579
ls-large,5,91,1,4,472.5924,94.9054,967.5763
ls-large,5,92,1,4,432.0113,33.6515,1305.1392
ls-large,5,93,1,4,436.6241,50.6197,913.7489
ls-large,5,94,0,4,60.0539,20.9066,454.2120
ls-large,5,95,1,4,552.7143,52.9301,1481.1472
ls-large,5,96,0,4,58.4988,7.2000,391.2081
ls-large,5,97,0,4,57.4363,9.1520,228.5112
ls-large,5,98,0,4,61.1854,11.9478,214.2085
ls-large,5,99,1,4,398.9179,47.9584,682.4934
ls-large,5,100,1,4,453.8515,47.9370,1291.1565
ls-large,5,101,0,4,62.1293,29.3282,333.7678
ls-large,5,102,0,4,71.9905,28.0301,278.4861
ls-large,5,103,1,4,357.8316,42.2400,1394.3403
ls-large,5,104,0,4,66.0058,18.8246,487.8661
ls-large,5,105,0,4,62.7076,9.4720,183.0229
ls-large,5,106,1,2,211.8238,22.4085,1089.0768
ls-large,5,107,0,2,23.3030,3.8400,405.8266
ls-large,5,108,1,4,537.3392,36.7795,1101.2861
ls-large,5,109,1,4,466.2862,24.5594,1095.4868
ls-large,5,110,1,4,519.6319,54.9200,1524.3553
ls-large,5,111,0,4,55.9385,7.6480,141.4153
ls-large,5,112,1,2,167.9518,28.4213,975.8664
ls-large,5,113,1,4,434.0536,47.4720,1174.6247
ls-large,5,114,1,2,213.7265,27.1760,1044.1964
ls-large,5,115,1,4,239.8646,50.8400,929.5929
ls-large,5,116,1,4,643.3178,63.0240,1952.9378
ls-large,5,117,1,4,408.7287,33.0847,1630.0902
ls-large,5,118,1,4,652.8751,58.3200,1275.0358
ls-large,5,119,1,4,464.6504,56.1600,1953.6007
ls-large,5,120,1,4,406.6964,45.6400,1079.9964
ls-large,5,121,1,4,375.5654,32.2240,819.0624
ls-large,5,122,1,2,209.6583,15.2344,1449.2112
ls-large,5,123,1,2,202.3200,27.9920,846.1438
ls-large,5,124,1,2,236.3104,25.7439,921.1230
ls-large,5,125,0,4,66.9922,16.5275,218.2623
ls-large,5,126,1,2,167.7850,24.6560,1391.7817
ls-large,5,127,0,4,61.9694,31.3888,227.3785
ls-large,5,128,1,4,347.1024,44.8967,502.3796
ls-large,5,129,0,4,69.4591,7.2640,329.9896
ls-large,5,130,1,4,322.1526,52.4223,1048.0053
ls-large,5,131,0,4,67.9384,19.0058,456.3582
ls-large,5,132,1,4,508.4295,54.2880,508.4295
ls-large,5,133,0,4,68.7629,6.6388,485.0791
ls-large,5,134,1,4,302.8526,43.6160,675.2710
ls-large,5,135,1,4,545.8668,44.4299,712.4298
ls-large,5,136,1,4,523.4726,36.4410,1914.6087
ls-large,5,137,1,4,380.0161,34.9940,906.5894
ls-large,5,138,0,4,65.0512,9.7797,272.9786
ls-large,5,139,1,4,411.9989,64.4324,1178.7005
ls-large,5,140,0,2,29.7204,7.0152,108.5180
ls-large,5,141,1,4,505.5017,63.7938,1957.2706
ls-large,5,142,0,4,57.7249,10.2720,339.3381
ls-large,5,143,0,2,33.0742,3.6640,444.0618
ls-large,5,144,0,2,29.5284,3.1200,424.9896
ls-large,5,145,0,4,56.8099,12.1111,221.1911
ls-large,5,146,1,4,404.5938,37.2776,1090.3709
ls-large,5,147,0,4,65.1928,11.5051,366.6026
ls-large,5,148,1,4,335.4054,39.2057,553.8723
ls-large,5,149,0,4,58.8428,6.1760,484.3106
ls-large,5,150,0,4,67.9207,19.9109,475.0261
ls-large,5,151,0,2,32.0267,5.8004,152.5416
ls-large,5,152,1,2,107.4245,15.0609,925.4637
ls-large,5,153,1,4,417.2563,39.0800,1948.7805
ls-large,5,154,0,4,64.5185,15.7134,392.5796
ls-large,5,155,1,4,413.7661,48.4037,522.8221
ls-large,5,156,0,4,54.0901,19.5805,417.1579
ls-large,5,157,0,4,61.0691,22.3514,410.6079
ls-large,5,158,1,4,415.7461,34.7600,1353.0687
ls-large,5,159,1,4,491.9072,83.7354,952.6587
ls-large,5,160,1,4,426.2803,26.9579,1604.3148
ls-large,5,161,1,4,479.3628,70.4215,1744.5044
ls-large,5,162,1,4,551.3649,55.3921,1350.2427
ls-large,5,163,1,2,153.6542,11.9040,1061.2582
ls-large,5,164,1,4,433.2296,40.1920,893.1609
ls-large,5,165,1,4,542.9153,60.2320,1388.0259
ls-large,5,166,1,4,424.2262,59.8923,1341.8277
ls-large,5,167,0,4,63.1004,11.0400,110.4006
ls-large,5,168,1,4,319.9613,40.5011,1304.6209
ls-large,5,169,1,4,352.8010,42.1738,600.2520
ls-large,5,170,1,4,419.4347,60.5200,680.7854
ls-large,5,171,1,2,288.8740,42.3263,1273.6294
ls-large,5,172,1,4,612.8868,54.6109,971.9406
ls-large,5,173,1,4,325.0215,29.4790,1459.8495
ls-large,5,174,1,4,429.5149,32.9280,708.2115
ls-large,5,175,1,4,374.5520,49.1017,717.5870
ls-large,5,176,1,4,507.7529,40.8863,1493.5726
ls-large,5,177,1,4,428.8650,65.3440,1425.4323
ls-large,5,178,1,4,429.1104,71.5407,1444.0693
ls-large,5,179,1,2,157.9860,11.8080,654.4307
ls-large,5,180,0,4,65.5787,19.3527,354.5251
ls-large,5,181,1,4,518.3973,98.3601,596.6335
ls-large,5,182,1,4,328.4625,50.2620,952.1416
ls-large,5,183,1,4,397.3623,49.5567,1192.6632
ls-large,5,184,1,4,474.4554,53.6924,1522.4472
ls-large,5,185,1,2,181.8650,17.6320,755.2498
ls-large,5,186,1,4,556.9927,71.9075,1156.2145
ls-large,5,187,1,2,324.7508,25.9360,813.8816
ls-large,5,188,1,4,300.0496,40.7680,988.5281
ls-large,5,189,0,4,64.4182,6.4640,222.5641
ls-large,5,190,1,2,162.0026,17.4494,1616.2415
ls-large,5,191,1,4,578.0254,57.1778,1393.9341
ls-large,5,192,1,4,340.3417,34.3314,751.5539
ls-large,5,193,0,4,60.6623,12.5298,420.7636
ls-large,5,194,0,4,61.8398,12.4523,379.0905
ls-large,5,195,0,4,56.4890,6.2400,355.6362
ls-large,5,196,1,2,239.7508,17.8868,1815.4156
ls-large,5,197,1,4,350.5847,48.0675,934.7643
ls-large,5,198,0,4,61.6209,9.2754,364.5359
ls-large,5,199,1,4,380.8479,31.1360,738.9637
ls-large,5,200,1,4,446.8515,43.7600,564.7587
ls-large,5,201,1,4,386.9611,34.3314,1961.5332
ls-large,5,202,1,4,503.2006,44.1210,1126.4609
ls-large,5,203,1,4,288.9499,26.6880,1615.1173
ls-large,5,204,1,4,342.1264,30.9503,1059.1916
ls-large,5,205,1,2,215.9690,24.9200,1295.9494
ls-large,5,206,1,4,478.8457,50.5022,1649.1445
ls-large,5,207,1,4,445.0104,59.3635,933.6437
ls-large,5,208,1,2,140.8465,21.4400,530.4151
ls-large,5,209,0,4,58.4546,15.5983,180.3886
ls-large,5,210,1,4,425.9555,31.0400,504.9409
ls-large,5,211,1,4,321.9342,53.8400,749.0366
ls-large,5,212,1,4,363.5089,40.3224,1850.1412
ls-large,5,213,1,4,354.6492,41.2999,1540.1592
ls-large,5,214,1,4,740.3491,94.5893,1735.9397
ls-large,5,215,1,4,257.4496,32.9006,1574.0869
ls-large,5,216,1,4,349.0403,76.0403,1449.9010
ls-large,5,217,1,4,236.3371,24.7040,510.3305
ls-large,5,218,1,4,416.9410,54.4000,1936.6327
ls-large,5,219,1,4,476.3349,37.7193,1584.3983
ls-large,5,220,0,4,74.2254,10.7200,343.2057
ls-large,5,221,0,4,56.9895,12.9404,491.2318
ls-large,5,222,1,4,495.0332,49.6390,829.4367
ls-large,5,223,0,4,68.9428,12.0000,169.6360
ls-large,5,224,1,4,429.7283,51.8826,1646.8463
ls-large,5,225,1,4,387.4888,48.8000,1164.5760
ls-large,5,226,0,4,61.5218,9.7280,487.9803
ls-large,5,227,1,4,492.8447,58.9600,609.2229
ls-large,5,228,1,4,381.2812,41.4480,631.9072
ls-large,5,229,1,4,346.3352,28.2400,647.4528
ls-large,5,230,0,4,66.1397,9.7280,337.9710
ls-large,5,231,0,2,39.1947,5.0720,305.3287
ls-large,5,232,1,4,327.6375,34.7840,1422.6371
ls-large,5,233,0,2,29.0202,3.2800,451.5720
ls-large,5,234,1,4,513.9924,77.2809,514.0129
ls-large,5,235,0,4,62.2812,6.9120,127.0004
ls-large,5,236,1,4,363.1404,34.4517,551.3425
ls-large,5,237,0,4,56.5467,8.7680,436.6878
ls-large,5,238,1,4,350.1441,51.6000,1995.1089
ls-large,5,239,0,4,63.4072,8.2560,477.1277
ls-large,5,240,1,4,363.5089,41.5153,716.8562
ls-large,5,242,0,4,63.5098,11.1040,464.4740
ls-large,5,243,0,4,63.5773,10.4982,427.3391
ls-large,5,244,1,4,386.5457,50.3559,1667.9474
ls-large,5,245,1,4,581.4053,43.4895,1770.5166
ls-large,5,246,0,2,30.1478,5.0991,310.4231
ls-large,5,247,1,4,322.8244,33.3028,1052.1964
ls-large,5,248,1,2,266.7948,34.2663,1976.4368
ls-large,5,249,0,4,69.0983,12.4661,408.8834
ls-large,5,250,1,4,440.0770,57.1939,1665.5563
ls-large,5,251,1,4,556.9426,29.0387,1650.6843
ls-large,5,252,1,4,430.0986,53.8400,1497.7047
ls-large,5,253,1,4,405.8300,42.5280,1186.3948
ls-large,5,254,1,2,326.9012,18.3620,1935.6366
ls-large,5,255,1,4,446.8515,60.3687,1282.7020
ls-large,5,256,0,2,31.8299,3.9040,281.2018
ls-large,5,257,1,4,366.5866,33.3200,633.6978
ls-large,5,258,1,4,425.7970,81.9493,1762.4029
ls-large,5,259,1,4,375.0072,40.2160,832.7853
ls-large,5,261,1,4,433.1661,68.6120,520.6749
ls-large,5,262,0,4,68.0838,8.5760,435.2603
ls-large,5,263,0,4,66.9922,21.4498,396.5988
ls-large,5,264,1,4,248.8616,25.9200,797.7257
ls-large,5,265,1,4,290.3845,56.3858,1459.6874
ls-large,5,266,1,4,607.1807,75.6460,1709.1972
ls-large,5,270,1,4,391.7978,57.0800,1561.6956
ls-large,5,271,1,4,421.6358,67.7601,1631.4446
ls-large,5,272,1,4,443.1742,52.7840,1221.7584
ls-large,5,280,1,2,146.6503,42.2714,1501.2207
ls-large,5,287,1,4,486.6003,75.9650,509.5834
ls-large,5,288,1,4,722.0811,99.8544,1981.0260
ls-large,5,290,0,4,76.0027,22.3265,496.7389
ls-large,5,297,0,4,57.3559,13.2485,410.0042
ls-large,5,341,1,4,592.0644,50.6560,853.8656
ls-large,5,343,1,4,513.5353,20.4800,1318.2543
ls-large,5,356,0,4,69.4259,31.1916,131.6867
ls-large,5,358,0,4,65.0259,13.7791,274.4153
ls-large,5,360,0,4,69.4012,8.9280,343.2334
ls-large,5,361,0,4,72.6296,18.9540,427.1434
ls-large,5,376,0,4,69.0877,10.6184,368.2361
ls-large,5,377,1,4,752.2258,94.0680,1437.7477
ls-large,5,381,1,4,731.2671,96.0008,1040.6191
ls-large,5,385,1,4,611.1536,76.9558,1483.4286
ls-large,5,390,0,4,66.1527,34.2754,132.6632
ls-large,5,395,1,4,591.6761,43.7713,1915.0534
ls-large,5,401,1,2,266.7878,32.4244,782.9893
ls-large,5,402,0,4,74.3691,26.9330,426.0019
ls-large,5,405,1,4,637.5908,58.5900,1936.0336
ls-large,5,408,1,2,324.7508,19.7173,1297.7711
ls-large,5,411,0,4,65.2383,12.1536,108.8557
ls-large,5,487,1,4,599.6138,72.2033,1531.9653
ls-large,5,506,0,2,32.3728,12.8277,290.0163
ls-large,5,517,0,2,34.9227,12.6433,170.2599
ls-large,5,567,1,4,764.0188,69.1008,1999.9108
ls-large,5,569,1,4,717.0150,58.9987,754.2730
ls-large,5,570,0,4,72.3505,26.6768,344.8283
ls-large,5,599,0,4,65.8734,16.7053,208.8563
ls-large,5,685,1,4,518.0496,79.9206,1880.9436
ls-large,5,719,1,4,508.6527,31.6800,781.2278
ls-large,5,725,1,4,591.6761,71.3322,1433.0321
ls-large,5,735,0,4,78.7068,15.5257,110.0694
ls-large,5,770,0,4,76.4243,7.9039,252.7699
ls-large,5,788,1,4,508.6527,43.6000,655.1045
ls-large,5,792,1,4,768.6527,40.4362,1212.2108
ls-large,5,803,1,4,344.6219,37.8400,819.1922
ls-large,5,840,1,4,661.8599,97.7260,1447.3855
ls-large,5,910,1,4,768.6527,40.1101,1457.5295
ls-large,5,951,1,2,266.7878,32.3437,1872.3087
ls-large,5,953,0,4,65.2051,14.3010,280.6141
ls-large,5,976,1,4,328.2291,40.1870,1604.8278
ls-large,5,997,0,4,72.8142,10.9091,135.9402
ls-large,6,0,1,4,374.5524,33.5848,718.3670
ls-large,6,1,1,4,552.0107,73.1541,1655.2098
ls-large,6,2,1,4,375.9816,66.0552,789.4773
ls-large,6,3,1,4,389.8617,50.0960,1003.3730
ls-large,6,4,1,4,378.3277,62.5840,1549.4314
ls-large,6,5,0,4,73.8752,6.4000,431.1617
ls-large,6,6,1,4,656.0040,56.3480,1450.2177
ls-large,6,7,1,4,338.7733,51.5844,1250.2357
ls-large,6,8,0,4,57.6004,13.6809,387.6013
ls-large,6,9,0,4,66.7746,22.6202,175.4987
ls-large,6,10,1,4,394.9596,70.9024,1066.1072
ls-large,6,11,0,4,79.6487,17.5239,269.1555
ls-large,6,12,1,4,227.3340,34.0400,1170.7912
ls-large,6,13,1,4,399.0390,44.4960,1911.0877
ls-large,6,14,1,4,390.5444,43.6480,532.8100
ls-large,6,15,1,4,394.5990,41.8138,1254.1048
ls-large,6,16,0,4,79.7471,16.5719,207.1750
ls-large,6,17,0,2,33.1487,6.7953,353.7875
ls-large,6,18,1,4,359.4925,30.6400,980.1695
ls-large,6,19,1,4,329.0682,25.1520,1435.6760
ls-large,6,20,0,4,74.1498,17.8053,244.8045
ls-large,6,21,0,4,72.8675,25.7915,345.3730
ls-large,6,22,1,4,414.6332,35.8510,1056.3702
ls-large,6,23,1,4,345.9989,40.4061,1570.9031
ls-large,6,24,1,4,506.7286,59.6697,1552.0557
ls-large,6,25,1,4,380.6583,27.7658,1861.5941
ls-large,6,26,1,4,293.4692,45.9200,1863.1615
ls-large,6,27,1,4,678.8838,48.4244,1568.7182
ls-large,6,28,1,4,332.4989,30.6314,625.5226
ls-large,6,29,1,4,579.2946,50.2080,1570.6756
ls-large,6,30,1,4,338.7733,44.3298,1004.5715
ls-large,6,31,1,2,201.0876,37.9940,1015.2172
ls-large,6,32,1,4,349.6750,25.5895,1196.0766
ls-large,6,33,0,4,70.6172,8.8960,174.2717
ls-large,6,34,0,4,57.5576,15.8747,418.6708
ls-large,6,35,1,4,290.7895,24.0960,1635.9366
ls-large,6,36,1,4,289.1084,47.5565,1640.3573
ls-large,6,37,1,4,445.2989,45.8655,1467.7151
ls-large,6,38,1,4,541.2436,51.8400,1535.3691
ls-large,6,39,0,4,57.6768,6.1440,403.5862
ls-large,6,40,0,4,71.3425,10.5807,123.9508
ls-large,6,41,0,4,61.2170,10.6560,137.0852
ls-large,6,42,1,4,330.4640,25.5040,1937.0888
ls-large,6,43,1,4,374.7924,25.2400,883.5340
ls-large,6,44,1,2,162.6342,30.0560,1388.3168
ls-large,6,45,1,4,440.3635,52.2111,1377.3171
ls-large,6,46,1,4,334.1405,37.2905,1040.5483
ls-large,6,47,1,4,372.1132,64.4191,709.0990
ls-large,6,48,0,4,62.7119,6.0480,135.0085
ls-large,6,49,0,2,26.9835,3.5520,318.3079
ls-large,6,50,1,4,373.4534,45.7328,879.7451
ls-large,6,51,0,4,66.1109,9.6960,330.4235
ls-large,6,52,0,4,69.0691,11.0979,289.4782
ls-large,6,53,1,2,240.9937,25.5440,731.5252
ls-large,6,54,1,4,322.4820,32.3847,928.6732
ls-large,6,55,0,4,53.9696,14.8898,263.0596
ls-large,6,56,1,4,471.1457,38.3514,1117.7567
ls-large,6,57,1,4,357.1430,27.7430,1824.4581
ls-large,6,58,1,4,579.7767,59.6677,697.2502
ls-large,6,59,1,4,419.2012,67.5069,1673.3922
ls-large,6,60,0,2,32.0324,4.4000,170.0532
ls-large,6,61,1,2,155.1514,37.0000,1433.5124
ls-large,6,62,1,4,333.7070,56.9200,1600.9764
ls-large,6,63,1,4,406.4027,39.0479,1823.6052
ls-large,6,64,1,4,516.9310,58.6715,516.9312
ls-large,6,65,1,4,376.1353,42.8886,712.9409
ls-large,6,66,1,4,325.3965,38.4444,1918.6771
ls-large,6,67,1,2,157.0063,20.1476,1517.6211
ls-large,6,68,0,4,70.9911,9.7203,417.8007
ls-large,6,69,1,4,399.4202,56.8000,1317.2001
ls-large,6,70,1,4,380.5499,62.5955,1492.3106
ls-large,6,71,1,4,313.8471,57.4800,755.4034
ls-large,6,72,0,4,63.2989,12.5480,176.2591
ls-large,6,73,0,4,65.5931,8.5120,187.0557
ls-large,6,74,0,4,63.4908,17.5877,239.9225
ls-large,6,75,1,4,432.0794,53.4925,1483.9614
ls-large,6,76,0,4,61.0462,25.4052,207.6998
ls-large,6,77,1,4,713.3643,81.7760,1460.6381
ls-large,6,78,1,4,396.1679,71.4983,1989.7394
ls-large,6,79,1,4,381.0937,25.3120,1474.6084
ls-large,6,80,0,4,79.3442,23.5636,275.4423
ls-large,6,81,0,4,61.9757,8.1920,125.3188
ls-large,6,82,1,4,377.6098,41.0152,924.3984
ls-large,6,83,1,4,441.9709,49.9499,1650.4170
ls-large,6,84,1,4,487.2317,38.0026,1675.6807
ls-large,6,85,0,4,59.4336,25.7492,112.3797
ls-large,6,86,0,4,69.9372,22.2537,456.0899
ls-large,6,87,1,2,157.0063,33.4880,1838.5869
ls-large,6,88,1,4,337.6650,52.4588,789.3344
ls-large,6,89,0,4,79.1502,13.6000,189.1389
ls-large,6,90,1,4,395.2565,49.7141,1354.2548
ls-large,6,91,1,4,381.4563,44.7123,1854.3607
ls-large,6,92,1,4,656.0040,80.0498,954.9955
ls-large,6,93,1,4,512.4067,94.0357,1458.8285
ls-large,6,94,0,4,68.9569,11.9380,141.6202
ls-large,6,95,1,4,283.4008,41.5200,607.3337
ls-large,6,96,0,4,57.8343,13.3781,292.4282
ls-large,6,97,1,2,181.9305,45.2240,740.8790
ls-large,6,98,1,4,699.3157,62.3164,1020.1333
ls-large,6,99,1,4,346.4590,34.2800,1041.4725
ls-large,6,100,1,4,297.9843,37.0960,1771.8564
ls-large,6,101,0,4,64.2923,7.7120,428.7246
ls-large,6,102,1,4,274.1336,44.8314,803.5129
ls-large,6,103,0,4,70.2428,6.4320,267.0609
ls-large,6,104,1,4,785.4936,51.5162,1614.1525
ls-large,6,105,1,4,362.8575,26.5600,1510.8456
ls-large,6,106,1,2,142.9555,12.2522,1277.4995
ls-large,6,107,1,4,704.2457,98.7223,815.7826
ls-large,6,108,1,4,355.7376,37.7600,1400.2726
ls-large,6,109,0,4,64.9604,17.4955,391.6675
ls-large,6,110,1,2,190.0314,31.3870,1150.0944
ls-large,6,111,1,4,585.3069,55.7751,1445.9055
ls-large,6,112,1,4,313.6325,40.4000,822.4986
ls-large,6,113,1,4,417.9039,38.8400,1043.9360
ls-large,6,114,1,4,437.9278,50.8427,1673.9930
ls-large,6,115,1,4,378.5067,39.9680,1444.1226
ls-large,6,116,0,4,63.3414,10.4000,341.6818
ls-large,6,117,1,4,585.4646,64.4458,1083.0532
ls-large,6,118,0,2,24.8190,4.2080,466.8958
ls-large,6,119,0,4,61.2915,16.4320,497.5625
ls-large,6,120,1,2,210.3223,13.9680,813.9371
ls-large,6,121,1,4,294.8640,45.9520,1886.8014
ls-large,6,122,1,4,359.2386,50.4207,779.4619
ls-large,6,123,0,2,28.4955,4.0320,202.5030
ls-large,6,124,1,4,406.5904,38.4640,607.1366
ls-large,6,125,1,2,118.4947,27.2552,1037.0107
ls-large,6,126,0,2,29.3814,9.5836,230.8136
ls-large,6,127,1,4,422.4944,37.8419,1806.4879
ls-large,6,128,1,4,455.9097,67.7498,998.2109
ls-large,6,129,0,4,64.0914,13.5791,182.1712
ls-large,6,130,0,4,74.3653,11.2640,113.9579
ls-large,6,131,1,4,421.6380,42.7200,1221.1562
ls-large,6,132,1,4,520.0114,69.8419,1868.3865
ls-large,6,133,1,4,422.4944,51.7161,1820.9838
ls-large,6,134,1,4,284.0233,49.8800,1612.5277
ls-large,6,135,0,4,72.7118,10.6560,435.6379
ls-large,6,136,0,4,55.2848,11.2320,444.2031
ls-large,6,137,1,4,369.2356,72.1449,1968.4186
ls-large,6,138,1,4,324.3365,48.5440,849.6361
ls-large,6,139,0,4,56.8528,6.9760,428.1015
ls-large,6,140,1,4,283.9184,29.6179,1974.3316
ls-large,6,141,1,4,410.9285,61.1322,1638.0764
ls-large,6,142,1,4,449.8259,34.2877,606.8660
ls-large,6,143,1,4,266.3868,30.1649,1954.9549
ls-large,6,144,0,4,68.5141,10.6560,466.3367
ls-large,6,145,1,4,666.1524,71.1610,938.8881
ls-large,6,146,0,4,58.9280,13.0932,327.3023
ls-large,6,147,0,2,36.2668,9.4020,429.3660
ls-large,6,148,1,4,307.8981,28.5200,1718.1348
ls-large,6,149,1,4,368.1588,30.8160,519.8820
ls-large,6,150,0,4,61.0939,6.3040,425.5269
ls-large,6,151,1,4,355.1748,55.8733,911.1205
ls-large,6,152,0,2,27.7356,4.3680,483.8187
ls-large,6,153,0,4,66.7594,6.9760,315.1118
ls-large,6,154,0,2,33.8219,3.3120,197.7964
ls-large,6,155,1,4,338.5493,39.6000,1555.9959
ls-large,6,156,1,4,414.1401,38.8417,788.5444
ls-large,6,157,1,4,359.8238,51.8464,1481.2961
ls-large,6,158,1,4,432.8812,51.3420,1866.2033
ls-large,6,159,1,4,468.4646,59.2800,1698.4412
ls-large,6,160,1,4,323.1892,27.6832,525.4689
ls-large,6,161,0,2,35.1341,3.3920,489.9571
ls-large,6,162,0,4,78.6071,11.2320,494.2682
ls-large,6,163,1,4,440.0197,38.7200,1813.1107
ls-large,6,164,0,4,67.8256,14.9969,379.3479
ls-large,6,165,1,4,286.5982,61.1200,1617.1277
ls-large,6,166,1,4,392.8845,51.8129,820.7258
ls-large,6,167,1,4,465.5367,28.2488,1026.9808
ls-large,6,168,1,4,376.1353,35.0011,938.6365
ls-large,6,169,0,4,47.3172,24.9464,155.4154
ls-large,6,170,1,4,395.9253,40.7360,1764.8413
ls-large,6,171,1,4,406.5047,48.4000,824.8136
ls-large,6,172,1,4,395.5118,28.9153,743.5071
ls-large,6,173,0,4,64.7167,19.6515,105.4182
ls-large,6,174,1,4,331.3956,40.0640,837.4539
ls-large,6,175,1,2,205.0773,36.5958,855.1075
ls-large,6,176,1,4,273.8084,48.1538,669.8656
ls-large,6,177,1,4,427.2672,40.2610,1843.9244
ls-large,6,178,0,4,78.3817,42.1633,197.0479
ls-large,6,179,1,4,406.3979,35.8800,1967.4510
ls-large,6,180,1,2,122.5350,23.6320,1314.4405
ls-large,6,181,1,4,454.3470,61.8000,837.7600
ls-large,6,182,0,4,66.2533,11.0400,426.9452
ls-large,6,183,1,2,210.4668,22.7987,1423.6705
ls-large,6,184,1,4,398.0671,46.4846,1030.9379
ls-large,6,185,1,4,374.4727,57.7419,926.9691
ls-large,6,186,1,4,333.0926,49.4031,1381.5308
ls-large,6,187,0,4,56.4347,15.2050,385.2351
ls-large,6,188,1,4,468.7513,53.5809,633.0382
ls-large,6,189,1,4,372.4893,42.9440,1616.3335
ls-large,6,190,1,4,344.2086,48.0115,1921.1249
ls-large,6,191,0,4,67.4201,13.5902,315.0256
ls-large,6,192,1,4,233.9257,43.4880,1342.9057
ls-large,6,193,0,4,60.7321,17.9260,285.3322
ls-large,6,194,1,2,116.9367,21.0720,1813.9810
ls-large,6,195,1,4,313.8471,61.2904,1346.1193
ls-large,6,196,0,4,68.8634,25.7436,117.3478
ls-large,6,197,0,4,64.4755,24.3144,446.0891
ls-large,6,198,1,4,527.8789,61.5389,1273.8012
ls-large,6,199,1,4,413.0996,59.5971,950.2817
ls-large,6,200,0,4,64.8836,7.0400,237.0814
ls-large,6,201,1,4,368.2243,32.4800,1155.9927
ls-large,6,202,1,4,552.3362,55.6975,1759.9284
ls-large,6,203,0,4,69.6772,15.2438,332.3965
ls-large,6,204,1,4,489.1033,43.3280,1879.8348
ls-large,6,205,1,4,427.9620,75.6849,1821.9891
ls-large,6,206,1,4,273.0416,40.9121,1553.8941
ls-large,6,207,0,4,67.8256,12.1344,403.9650
ls-large,6,208,0,4,64.6700,16.0827,100.6759
ls-large,6,209,0,4,69.8624,8.8960,331.1258
ls-large,6,210,1,4,315.7768,48.6469,1611.5068
ls-large,6,211,1,4,314.2004,35.0560,1785.3932
ls-large,6,212,1,4,287.5526,20.0960,751.1657
ls-large,6,213,1,4,424.7093,32.9200,526.4667
ls-large,6,214,1,4,230.9653,26.1496,648.3071
ls-large,6,215,1,4,509.7239,42.2720,764.0063
ls-large,6,216,0,4,69.8024,17.1478,279.7258
ls-large,6,217,1,4,371.5018,36.7712,1719.5588
ls-large,6,218,1,4,416.6055,38.4000,1262.5556
ls-large,6,219,1,4,516.2262,56.7680,1487.2897
ls-large,6,220,1,4,514.4142,59.3405,1434.0564
ls-large,6,221,1,4,409.8408,28.8800,758.5427
ls-large,6,222,1,4,556.9299,75.1040,556.9302
ls-large,6,223,1,4,490.5984,44.3520,1473.4004
ls-large,6,224,1,4,305.4785,64.8471,1542.2931
ls-large,6,225,0,4,73.0076,7.4240,101.3577
ls-large,6,226,1,4,497.7862,56.6892,870.8801
ls-large,6,227,1,4,275.8606,44.4630,1020.1570
ls-large,6,228,0,4,62.7511,9.7901,215.2253
ls-large,6,229,1,4,437.9278,59.6783,1355.8370
ls-large,6,230,1,4,284.0997,38.2342,1293.7389
ls-large,6,231,1,4,316.0027,51.7168,605.1817
ls-large,6,232,0,4,64.3805,14.5391,415.1482
ls-large,6,233,1,4,368.0129,48.5789,1487.8376
ls-large,6,234,0,4,65.8920,10.4640,376.0340
ls-large,6,235,1,4,343.7022,43.3291,1097.4431
ls-large,6,236,1,4,451.7551,50.8294,1166.8710
ls-large,6,237,1,4,431.6583,27.9600,1118.3636
ls-large,6,238,0,4,61.8207,20.9448,235.4828
ls-large,6,239,0,4,63.6832,12.0545,242.0084
ls-large,6,240,0,4,64.4744,11.6828,342.4445
ls-large,6,241,0,4,75.2381,14.1815,429.4333
ls-large,6,242,1,4,468.7513,49.8880,1855.5212
ls-large,6,243,1,4,313.7772,32.7040,1819.5448
ls-large,6,244,0,4,53.7130,12.1920,466.0087
ls-large,6,245,1,4,436.5811,50.4221,1866.5482
ls-large,6,246,1,2,175.7545,23.0240,1714.2199
ls-large,6,247,1,4,308.1724,39.0095,700.5908
ls-large,6,248,0,2,31.6417,3.8240,382.9308
ls-large,6,249,0,4,73.4604,15.3683,319.6214
ls-large,6,250,1,4,325.8781,26.9600,1244.0589
ls-large,6,251,1,4,368.0129,40.3312,953.0020
ls-large,6,252,0,4,63.9856,6.8480,417.0911
ls-large,6,253,1,4,452.5507,52.6414,1877.3370
ls-large,6,254,1,4,391.4854,47.2789,1954.9424
ls-large,6,255,1,2,281.9253,23.0480,519.9055
ls-large,6,256,1,2,327.5256,51.7860,1147.8629
ls-large,6,257,0,4,72.0272,7.4880,183.2223
ls-large,6,258,0,4,60.1136,8.4800,277.0947
ls-large,6,259,0,4,77.1357,10.9120,233.0435
ls-large,6,260,0,4,65.3380,10.2873,378.5591
ls-large,6,261,1,4,374.5524,47.0080,825.4615
ls-large,6,262,0,4,79.0688,11.9360,251.0726
ls-large,6,263,0,4,70.5850,11.4320,461.8108
ls-large,6,264,1,4,494.8978,75.7073,1445.1912
ls-large,6,265,1,4,536.0897,60.5795,1765.3543
ls-large,6,266,1,4,365.5301,41.4134,690.0728
ls-large,6,267,1,4,321.6330,30.1081,1883.3473
ls-large,6,268,0,4,62.8398,32.3185,146.0420
ls-large,6,269,0,4,55.5655,13.1080,324.5463
ls-large,6,270,0,4,66.8710,7.3469,293.6622
ls-large,6,271,1,4,250.7599,28.4480,1113.7533
ls-large,6,272,1,4,227.3340,25.4560,1780.5739
ls-large,6,273,1,2,87.2476,19.2835,999.2897
ls-large,6,274,0,4,79.4998,11.3280,285.3255
ls-large,6,276,1,4,405.0608,46.7647,1669.6481
ls-large,6,278,0,2,38.5218,5.5360,184.6211
ls-large,6,279,1,4,358.9519,24.1620,1736.5845
ls-large,6,280,1,4,263.7407,21.1840,1358.8605
ls-large,6,281,0,4,63.9271,24.8223,486.1976
ls-large,6,285,0,4,61.2496,25.9038,190.2439
ls-large,6,287,0,4,58.3160,8.3975,111.6072
ls-large,6,289,1,4,372.4847,31.4400,1621.1930
ls-large,6,294,0,4,66.3814,10.9760,477.7418
ls-large,6,299,1,4,334.7727,29.9222,645.5274
ls-large,6,304,1,4,365.3176,33.0283,1910.6500
ls-large,6,306,1,4,414.1401,55.0800,1567.5786
ls-large,6,320,1,4,291.3302,52.9264,795.8630
ls-large,6,330,0,4,63.2493,18.2150,452.7292
ls-large,6,351,1,4,361.4715,39.3757,1449.0491
ls-large,6,359,1,4,412.0680,33.3620,1966.1209
ls-large,6,360,1,4,407.5605,58.3520,1509.0169
ls-large,6,374,1,4,489.1033,29.9034,1487.6811
ls-large,6,383,1,4,384.2726,62.3604,536.0205
ls-large,6,386,1,4,356.8795,23.0387,1266.6275
ls-large,6,388,0,2,37.9727,10.4789,198.2207
ls-large,6,397,1,4,324.0637,27.4560,529.8108
ls-large,6,407,0,4,67.3232,7.4617,389.2637
ls-large,6,476,1,4,364.5931,40.3822,1641.4648
ls-large,6,479,1,4,341.5740,49.2160,691.8005
ls-large,6,508,1,4,341.5740,36.3520,739.3972
ls-large,6,518,0,4,65.4940,15.0446,473.0460
ls-large,6,565,0,4,62.1364,12.9760,128.6261
ls-large,6,579,0,4,67.5532,10.3680,439.0155
ls-large,6,850,0,4,65.0308,9.4080,415.3205
ls-large,6,989,1,2,144.1450,16.1920,522.8343
ls-large,7,0,1,4,558.6705,58.1686,1048.5334
ls-large,7,1,0,4,60.6464,8.2803,127.9422
ls-large,7,2,1,4,357.6576,51.2672,1445.9389
ls-large,7,3,1,4,434.6780,36.9603,569.8740
ls-large,7,4,1,4,443.3321,60.4775,1340.3859
ls-large,7,5,1,4,488.3115,63.0438,646.1459
ls-large,7,6,0,4,63.7972,8.5827,410.8915
ls-large,7,7,1,4,392.6862,38.1086,1691.5692
ls-large,7,8,1,4,634.8784,45.4800,1594.1679
ls-large,7,9,1,4,416.7443,23.8400,1635.7114
ls-large,7,10,1,4,643.7505,83.8302,1010.1835
ls-large,7,11,1,4,469.7346,52.0962,1759.9517
ls-large,7,12,1,4,599.7519,58.6092,1470.6933
ls-large,7,13,1,4,297.9406,49.0560,1910.9728
ls-large,7,14,1,4,524.6893,36.1600,1652.3495
ls-large,7,15,1,4,373.6660,50.0160,749.5494
ls-large,7,16,0,4,72.3118,17.1622,382.5587
ls-large,7,17,1,2,251.6313,25.8436,726.9476
ls-large,7,18,1,4,494.0867,50.5433,922.8961
ls-large,7,19,1,4,494.0673,39.9680,1535.7405
ls-large,7,20,1,4,446.3297,72.1691,1849.2995
ls-large,7,21,1,4,624.2439,64.5207,1451.4343
ls-large,7,22,0,4,57.1878,9.0755,143.9713
ls-large,7,23,0,4,83.6166,22.6371,479.5795
ls-large,7,24,0,4,57.1279,13.0194,159.4202
ls-large,7,25,1,4,471.3151,44.9852,1773.4054
ls-large,7,26,1,4,615.8895,58.7637,1624.5109
ls-large,7,27,1,4,434.4379,29.1723,1926.4784
ls-large,7,28,0,4,75.9419,27.8779,491.4005
ls-large,7,29,1,4,562.2133,79.9482,1657.9069
ls-large,7,30,1,2,85.3518,13.6480,1727.4994
ls-large,7,31,1,2,194.3745,30.7050,1685.1712
ls-large,7,32,0,4,68.5791,14.5560,423.4263
ls-large,7,33,0,2,33.6117,11.2580,178.6825
ls-large,7,34,1,4,710.9066,76.5448,1863.7988
ls-large,7,35,1,4,589.9405,23.9040,1217.0491
ls-large,7,36,1,4,636.4560,47.6944,1194.7408
ls-large,7,37,0,4,58.5534,15.6364,336.3249
ls-large,7,38,1,4,571.4325,69.9289,733.8686
ls-large,7,39,0,4,91.4875,22.2070,310.6324
ls-large,7,40,1,4,611.3020,33.5346,877.7522
ls-large,7,41,0,4,72.8460,17.2374,317.7411
ls-large,7,42,1,4,320.3059,42.4606,1740.7095
ls-large,7,43,1,4,575.1003,45.4400,1664.7592
ls-large,7,44,1,4,622.4519,37.9347,1210.2394
ls-large,7,45,0,4,66.0700,12.6776,413.7090
ls-large,7,46,0,4,68.4183,10.5858,408.9044
ls-large,7,47,1,4,655.7217,66.8701,988.4205
ls-large,7,48,1,4,458.9589,69.6992,1262.2342
ls-large,7,49,1,2,98.0513,21.4400,1759.9997
ls-large,7,50,0,4,68.1047,16.0010,368.4622
ls-large,7,51,0,4,72.5919,11.7664,475.8019
ls-large,7,52,0,4,74.9126,7.1680,398.6728
ls-large,7,53,1,4,504.0228,27.1944,1559.4853
ls-large,7,54,1,4,580.1253,51.6339,638.2910
ls-large,7,55,1,4,289.0960,46.6439,1076.5168
ls-large,7,56,0,4,69.7692,15.1933,488.6784
ls-large,7,57,0,2,32.3118,3.1840,402.3106
ls-large,7,58,1,4,611.9866,45.9600,634.1933
ls-large,7,59,1,4,436.6626,23.9416,1451.6593
ls-large,7,60,1,4,605.2924,48.9513,1794.1625
ls-large,7,61,1,4,598.7680,58.1713,1432.5552
ls-large,7,62,1,4,361.9933,69.4773,892.8429
ls-large,7,63,1,2,189.4963,25.6616,934.9413
ls-large,7,64,0,4,59.3570,6.2402,106.1384
ls-large,7,65,1,4,487.9597,36.8320,1901.9643
ls-large,7,66,1,4,525.7701,65.3349,1531.6126
ls-large,7,67,0,4,74.1604,14.3574,261.8791
ls-large,7,68,1,4,421.4137,45.6157,1146.1111
ls-large,7,69,1,4,651.9157,38.0447,1539.0283
ls-large,7,70,0,4,69.5510,18.9164,205.2972
ls-large,7,71,1,4,344.5773,21.1200,1034.8759
ls-large,7,72,1,4,352.0852,37.9539,872.2691
ls-large,7,73,0,4,68.9240,10.3325,334.7203
ls-large,7,74,0,4,63.3150,12.7829,334.2333
ls-large,7,75,1,4,621.5386,66.9440,1581.0159
ls-large,7,76,0,4,76.0236,11.1040,117.5152
ls-large,7,77,1,4,601.8725,55.9739,1739.6137
ls-large,7,78,0,4,61.0488,23.4514,483.8064
ls-large,7,79,1,4,566.8631,48.9901,1233.9415
ls-large,7,80,1,4,606.9499,64.1021,1618.5919
ls-large,7,81,1,4,509.3708,47.7120,1594.0026
ls-large,7,82,1,2,241.8439,47.9120,1768.2969
ls-large,7,83,1,4,616.2077,38.9208,616.2077
ls-large,7,84,0,4,67.0641,12.1280,348.4603
ls-large,7,85,1,4,527.7580,41.5619,1538.2778
ls-large,7,86,1,4,484.9860,45.7360,1199.5087
ls-large,7,87,0,4,66.0700,6.7200,215.8356
ls-large,7,88,1,4,461.0697,63.4315,814.7558
ls-large,7,89,1,4,394.2884,31.3280,698.9076
ls-large,7,90,1,4,494.2554,43.0400,1246.8319
ls-large,7,91,0,4,69.7186,9.5397,262.1677
ls-large,7,92,1,4,494.0673,38.8612,502.6121
ls-large,7,93,0,4,68.7349,9.9982,460.6266
ls-large,7,94,1,2,331.1340,17.2232,1041.0640
ls-large,7,95,1,4,330.1202,36.8980,1752.0140
ls-large,7,96,0,4,87.6839,9.7562,175.9396
ls-large,7,97,1,4,619.6578,57.8708,1579.3589
ls-large,7,98,1,4,597.0831,85.5793,1228.3626
ls-large,7,99,0,4,91.4875,15.8968,219.1087
ls-large,7,100,1,4,666.0545,46.7259,679.6138
ls-large,7,101,0,4,64.7432,18.8048,281.1944
ls-large,7,102,1,4,554.1317,37.9200,636.0718
ls-large,7,103,0,4,73.8111,11.9574,423.7434
ls-large,7,104,1,4,369.8062,50.1120,1618.7608
ls-large,7,105,0,4,68.7894,35.7256,211.0065
ls-large,7,106,1,4,560.4311,39.9293,906.5313
ls-large,7,107,1,4,487.6433,44.2280,1773.0255
ls-large,7,108,0,4,68.2700,11.8400,100.0715
ls-large,7,109,1,4,488.2416,52.9352,1674.6608
ls-large,7,110,0,4,87.1608,20.4658,134.0014
ls-large,7,111,1,2,275.3458,24.4551,1943.6523
ls-large,7,112,1,4,417.8384,50.9808,605.5279
ls-large,7,113,0,4,65.6207,9.9860,104.1847
ls-large,7,114,0,4,68.6000,17.0075,290.1217
ls-large,7,115,0,4,77.5572,9.5028,122.1235
ls-large,7,116,1,4,725.7000,54.0771,885.8842
ls-large,7,117,0,4,72.0905,21.5374,387.3329
ls-large,7,118,0,4,65.3414,11.7669,182.0874
ls-large,7,119,1,4,406.1708,35.2681,832.1642
ls-large,7,120,1,4,527.4221,42.6593,1227.5791
ls-large,7,121,0,4,77.3437,9.6914,109.4515
ls-large,7,122,1,4,628.2522,44.1735,1089.9825
ls-large,7,123,1,4,479.1808,63.0400,786.0253
ls-large,7,124,0,4,78.2220,11.4880,435.6508
ls-large,7,125,0,4,63.4132,24.1423,132.3052
ls-large,7,126,1,4,351.9663,63.4559,1034.9438
ls-large,7,127,0,4,77.0359,11.8080,249.0858
ls-large,7,128,1,4,274.1267,44.1600,1447.4932
ls-large,7,129,0,4,64.8799,13.0070,421.3352
ls-large,7,130,0,4,72.5514,20.0915,245.1897
ls-large,7,131,0,4,63.6802,21.9201,469.6912
ls-large,7,132,1,4,457.3762,39.4880,1739.0275
ls-large,7,133,1,4,463.3891,46.1022,1870.3159
ls-large,7,134,1,4,616.6795,51.6560,1734.1329
ls-large,7,135,0,4,75.9370,8.6400,413.5332
ls-large,7,136,1,4,609.2814,35.0349,1111.6352
ls-large,7,137,1,4,366.8729,53.5213,1825.2119
ls-large,7,138,1,4,505.1929,44.2000,1247.7129
ls-large,7,139,0,4,63.5714,9.4400,399.1908
ls-large,7,140,0,4,64.4448,10.6880,201.6226
ls-large,7,141,1,4,427.3301,26.0800,729.9833
ls-large,7,142,1,4,430.5946,33.0847,1260.9868
ls-large,7,143,1,4,493.1896,37.0242,1212.1441
ls-large,7,144,1,4,625.3589,25.3744,678.8249
ls-large,7,145,1,4,455.5915,45.9016,1058.3554
ls-large,7,146,1,4,620.4808,52.5030,1456.1859
ls-large,7,147,0,4,61.2031,14.9112,117.6666
ls-large,7,148,1,4,484.0064,41.3440,1728.2497
ls-large,7,149,0,4,63.1808,15.0096,112.5866
ls-large,7,150,1,4,452.1698,54.9061,1496.0397
ls-large,7,151,0,4,65.0412,7.3600,263.9156
ls-large,7,152,1,2,154.9799,21.6729,1121.1200
ls-large,7,153,1,4,253.5485,36.7011,1912.9811
ls-large,7,154,1,4,542.7186,67.2223,1366.6935
ls-large,7,155,1,4,507.1693,70.0725,1327.3218
ls-large,7,156,1,4,460.7386,51.3767,718.8302
ls-large,7,157,1,4,579.0109,59.8309,1075.6021
ls-large,7,158,0,4,58.4854,6.4000,121.3498
ls-large,7,159,1,4,452.2735,52.7177,1431.5796
ls-large,7,160,1,4,354.1161,30.1164,1099.6184
ls-large,7,161,1,4,635.4029,42.7540,1956.0384
ls-large,7,162,1,4,617.0514,71.8240,676.5965
ls-large,7,163,1,4,567.5651,66.0598,962.3174
ls-large,7,164,1,4,588.3563,39.0400,768.1459
ls-large,7,165,1,4,461.3290,43.0400,1645.3478
ls-large,7,166,1,4,479.6934,68.9227,692.6838
ls-large,7,167,0,4,72.0905,14.6692,116.2607
ls-large,7,168,1,2,293.0393,15.1360,1628.0883
ls-large,7,169,0,4,73.0478,6.5600,177.4829
ls-large,7,170,1,4,484.9860,52.3250,598.2743
ls-large,7,171,1,4,411.6196,40.2103,1857.5933
ls-large,7,172,0,4,83.7333,14.7055,346.3465
ls-large,7,173,1,4,388.8581,32.1200,741.8440
ls-large,7,174,1,4,406.3029,25.5040,1652.3986
ls-large,7,175,1,4,463.8443,54.7070,1989.4319
ls-large,7,176,0,4,71.3799,14.6046,244.1006
ls-large,7,177,0,4,66.0636,13.4175,218.5534
ls-large,7,178,1,4,665.0753,59.4789,1620.6797
ls-large,7,179,0,4,87.1608,18.8139,305.0712
ls-large,7,180,1,4,570.8835,82.7274,581.5895
ls-large,7,181,1,4,396.5965,37.1200,1119.8577
ls-large,7,182,0,4,67.7485,17.1126,163.4494
ls-large,7,183,1,4,392.9133,34.7520,1457.3151
ls-large,7,184,1,4,493.5841,56.0745,1467.4210
ls-large,7,185,1,4,463.7990,52.5680,872.7455
ls-large,7,186,0,2,34.9485,3.8626,195.0675
ls-large,7,187,0,4,64.5513,16.0861,156.9066
ls-large,7,188,1,4,626.4712,45.8918,1262.8640
ls-large,7,189,1,4,408.1288,49.1200,1062.7381
ls-large,7,190,0,2,38.3323,5.6960,190.3794
ls-large,7,191,0,4,66.1125,11.0594,456.5096
ls-large,7,192,0,4,65.4176,13.1823,374.2935
ls-large,7,193,0,4,69.1878,16.0935,167.9078
ls-large,7,194,1,4,389.9755,44.4480,1820.2472
ls-large,7,195,0,4,72.6213,16.5695,288.8562
ls-large,7,196,1,4,677.3439,41.8800,1683.8036
ls-large,7,197,1,4,380.5766,64.2767,549.3704
ls-large,7,198,1,2,193.0285,12.6400,1551.1097
ls-large,7,199,0,2,30.6845,5.6480,378.8031
ls-large,7,200,1,2,173.1882,32.2364,1726.3424
ls-large,7,201,1,4,469.5022,54.1097,869.8661
ls-large,7,202,0,4,80.3535,12.1920,430.0241
ls-large,7,203,0,4,73.4087,6.8480,217.7838
ls-large,7,204,0,4,67.6920,16.1684,119.3632
ls-large,7,205,1,2,211.2862,38.7098,1427.4138
ls-large,7,206,0,4,66.2226,18.9526,287.5767
ls-large,7,207,1,4,569.3669,63.8022,755.5569
ls-large,7,208,0,4,70.6921,38.1951,239.1215
ls-large,7,209,1,4,672.6085,57.8000,1388.8323
ls-large,7,210,1,4,578.1643,39.7921,1907.4338
ls-large,7,211,0,4,65.8464,19.3531,415.1656
ls-large,7,212,1,4,579.0226,45.2423,1892.7569
ls-large,7,213,1,4,585.9215,45.4739,954.7115
ls-large,7,214,1,4,378.1436,57.3204,690.3208
ls-large,7,215,1,4,582.1899,51.0665,1493.1503
ls-large,7,216,1,4,368.2252,45.9525,689.0856
ls-large,7,217,1,4,414.2624,51.9259,1585.0041
ls-large,7,218,1,4,388.8581,56.2015,992.1126
ls-large,7,219,1,4,550.1974,48.1650,1943.5786
ls-large,7,220,1,4,431.6941,40.1280,1152.3845
ls-large,7,221,1,4,485.1101,29.9578,1827.8722
ls-large,7,222,0,4,68.6963,9.6000,300.1946
ls-large,7,223,0,4,81.7742,34.7873,102.2071
ls-large,7,224,1,4,588.3563,48.4245,1501.8436
ls-large,7,225,1,4,469.0330,71.6800,1148.7933
ls-large,7,226,1,4,602.0639,36.1621,875.0915
ls-large,7,227,1,4,452.5413,40.3520,1841.7416
ls-large,7,228,1,4,572.4514,41.4420,876.8347
ls-large,7,229,1,2,294.0188,49.3766,651.6305
ls-large,7,230,1,4,527.2760,50.2728,1458.8919
ls-large,7,231,1,4,431.2492,59.1156,1985.4170
ls-large,7,232,1,4,614.7088,67.8000,1456.3532
ls-large,7,233,1,2,200.2130,11.3854,1127.8737
ls-large,7,234,1,4,386.4202,49.4453,1612.2059
ls-large,7,235,1,4,609.7852,88.4418,818.0192
ls-large,7,236,1,4,491.9763,58.5687,1463.2989
ls-large,7,237,1,4,505.0169,67.8049,1994.2081
ls-large,7,238,1,4,606.3456,35.3600,901.1367
ls-large,7,239,1,4,504.0426,55.8589,504.0426
ls-large,7,240,0,4,73.2563,16.0135,293.9677
ls-large,7,241,1,4,583.4939,44.6560,1781.6682
ls-large,7,242,1,4,651.9157,51.5508,1295.9717
ls-large,7,243,0,4,63.3212,6.1120,362.3827
ls-large,7,244,0,4,85.0439,13.7490,410.5222
ls-large,7,245,0,4,82.0111,9.3440,343.8054
ls-large,7,246,1,4,609.2814,55.6283,1241.6924
ls-large,7,247,0,4,68.8694,10.3508,322.0255
ls-large,7,248,0,4,71.6390,9.9756,322.8812
ls-large,7,249,1,4,494.4759,52.3505,1247.2635
ls-large,7,250,1,4,411.3460,25.7600,1201.9406
ls-large,7,251,1,4,467.9248,64.2921,1138.7212
ls-large,7,252,1,4,438.0816,46.5688,1414.5130
ls-large,7,253,1,4,509.9393,35.8720,820.0427
ls-large,7,254,1,4,459.0278,59.9680,1211.8003
ls-large,7,255,1,4,423.4868,43.3680,1012.9330
ls-large,7,256,0,4,74.2951,21.4258,431.0936
ls-large,7,257,1,4,313.2630,28.8960,1481.8387
ls-large,7,258,0,4,64.3619,11.8720,334.5805
ls-large,7,259,1,4,518.6029,52.6774,1097.7231
ls-large,7,260,0,4,72.2086,20.6996,415.6108
ls-large,7,261,1,4,329.6119,24.8000,559.2113
ls-large,7,262,0,4,63.4829,30.5116,409.8140
ls-large,7,263,1,4,399.8396,38.3978,1793.6757
ls-large,7,264,0,4,65.9123,19.5632,299.1060
ls-large,7,265,1,4,637.0819,79.2069,1169.7075
ls-large,7,266,1,4,494.7232,72.8369,1654.8300
ls-large,7,267,0,4,84.7221,15.8640,350.7580
ls-large,7,268,0,4,69.7508,20.1392,187.2981
ls-large,7,269,1,2,220.3515,23.2463,1600.3361
ls-large,7,270,1,4,331.2729,44.4800,939.7150
ls-large,7,271,1,4,509.5511,50.5280,1575.8152
ls-large,7,272,0,2,38.2186,5.6800,255.5795
ls-large,7,273,0,4,83.9319,10.0160,226.5118
ls-large,7,274,1,4,646.0194,25.9192,1044.8984
ls-large,7,275,1,4,511.4087,61.4240,1676.9363
ls-large,7,276,0,4,64.8435,10.4042,447.8233
ls-large,7,277,1,4,538.6055,34.2788,1065.0153
ls-large,7,278,1,4,409.4367,50.5675,1532.8313
ls-large,7,279,0,4,63.3177,14.7489,215.4086
ls-large,7,280,0,4,70.7000,10.5280,238.7413
ls-large,7,281,1,4,400.5890,46.1120,1681.5353
ls-large,7,282,1,4,375.7058,64.7284,1562.5090
ls-large,7,283,1,4,451.4184,65.5513,1310.8429
ls-large,7,284,1,4,410.6777,34.0616,1827.6410
ls-large,7,285,1,4,434.7443,69.1510,819.0405
ls-large,7,286,1,4,439.7903,35.8400,1103.7369
ls-large,7,287,0,4,84.1317,18.4778,248.6673
ls-large,7,288,0,4,75.6104,11.2587,212.2192
ls-large,7,289,0,4,76.0932,7.7120,334.6844
ls-large,7,290,1,4,501.9661,36.2055,1919.7494
ls-large,7,291,1,2,237.0230,21.4240,801.4837
ls-large,7,292,0,4,64.1731,7.9986,448.2668
ls-large,7,293,1,4,514.1069,61.2400,1883.2320
ls-large,7,294,1,4,562.2133,33.5200,774.0054
ls-large,7,295,1,4,334.6992,43.6160,557.9475
ls-large,7,296,0,4,70.3614,21.0669,203.1613
ls-large,7,297,0,2,26.9513,3.6160,475.7522
ls-large,7,298,1,4,384.5262,75.6410,985.8776
ls-large,7,299,0,4,66.0613,16.1573,276.5539
ls-large,7,300,1,4,575.3638,63.9957,735.4343
ls-large,7,301,1,4,461.0268,48.3840,1667.4727
ls-large,7,302,1,4,526.5441,58.3951,1958.4669
ls-large,7,303,1,4,465.0102,53.7689,997.9686
ls-large,7,304,1,4,436.6626,63.5759,1806.0847
ls-large,7,305,1,4,398.2356,55.6392,1356.4855
ls-large,7,306,1,4,378.6263,32.7482,977.1003
ls-large,7,307,0,4,75.1677,14.6718,323.9770
ls-large,7,308,0,4,68.5950,10.8600,496.4084
ls-large,7,309,1,4,554.0868,52.7308,1748.4848
ls-large,7,310,1,4,565.1465,47.5605,1266.1766
ls-large,7,311,1,4,449.1520,59.3797,1040.1488
ls-large,7,312,0,4,69.6809,14.1551,437.3486
ls-large,7,313,1,4,609.7852,44.7650,1833.9880
ls-large,7,314,0,4,63.4478,7.1680,333.1732
ls-large,7,318,0,4,67.1323,10.0819,242.4628
ls-large,7,319,0,4,69.2263,8.9600,426.6142
ls-large,7,320,1,2,244.1271,41.7087,1809.2050
ls-large,7,321,1,4,592.4944,37.3760,865.3067
ls-large,7,324,1,2,161.8115,17.1712,1026.0496
ls-large,7,330,1,4,412.7254,74.8142,1276.0617
ls-large,7,331,1,4,461.6028,51.1600,663.5382
ls-large,7,334,1,4,433.7535,49.7898,1431.8867
ls-large,7,338,0,4,68.0894,9.6776,396.1614
ls-large,7,339,1,4,633.4909,54.3538,801.7878
ls-large,7,340,1,4,507.1693,71.0715,1728.2295
ls-large,7,342,1,4,524.6893,42.9698,1237.1110
ls-large,7,344,1,4,642.1301,55.3840,1031.1700
ls-large,7,347,1,4,460.1301,66.2080,1806.2390
ls-large,7,349,1,4,546.9086,45.6640,1069.3435
ls-large,7,350,0,2,36.3243,4.4640,256.2738
ls-large,7,351,1,2,262.7237,34.4263,1071.0111
ls-large,7,353,0,4,61.0488,12.1637,483.5053
ls-large,7,356,1,4,671.5905,73.4862,1179.5975
ls-large,7,358,0,2,42.6575,6.6158,260.6563
ls-large,7,359,1,2,152.7351,21.1906,1044.0753
ls-large,7,360,1,4,444.0802,36.7680,1483.8888
ls-large,7,361,1,4,378.6263,45.6727,1286.0856
ls-large,7,363,0,2,37.1505,5.3440,376.6957
ls-large,7,366,0,2,42.6575,12.5440,329.7871
ls-large,7,367,0,4,73.3265,8.7163,111.6137
ls-large,7,370,0,4,56.7262,8.2240,443.7310
ls-large,7,371,1,4,388.8940,41.9556,582.0183
ls-large,7,380,0,4,77.7065,7.1040,207.8671
ls-large,7,389,0,4,78.9106,7.0720,212.9456
ls-large,7,393,1,4,467.7504,37.3479,1412.7945
ls-large,7,396,1,4,396.5965,28.6717,1812.6685
ls-large,7,397,1,2,237.0230,25.9520,555.6962
ls-large,7,398,1,4,367.9907,49.6960,1542.0156
ls-large,7,403,0,4,67.4322,19.5864,180.5644
ls-large,7,412,1,4,652.9559,45.6640,1038.9432
ls-large,7,440,0,4,67.5506,10.6005,113.6586
ls-large,7,446,1,2,225.1849,40.0542,1090.1241
ls-large,7,451,1,4,582.1899,59.1200,1076.6467
ls-large,7,472,1,2,161.8115,32.1920,1644.9628
ls-large,7,738,0,4,91.4875,20.7062,219.9906
ls-large,7,743,0,4,78.6829,14.2862,289.1075
ls-large,7,763,0,4,83.6166,12.0640,252.2367
ls-large,7,802,0,4,73.5237,17.5333,162.6497
ls-large,7,872,1,2,135.4572,17.1520,1010.5986
ls-large,8,0,1,4,594.9619,41.3601,627.7779
ls-large,8,1,0,4,68.4529,11.2960,294.9608
ls-large,8,2,1,4,721.4642,89.9284,1227.6492
ls-large,8,3,1,4,542.8093,35.5200,1494.4433
ls-large,8,4,1,4,598.3612,55.4566,1491.2648
ls-large,8,5,1,4,436.6962,39.6644,1410.0748
ls-large,8,6,1,4,581.6908,46.0800,1593.4122
ls-large,8,7,1,4,547.6826,48.0000,737.4496
ls-large,8,8,1,4,507.5877,50.8417,1255.4321
ls-large,8,9,0,4,66.4221,32.2980,423.2488
ls-large,8,10,0,2,27.6846,4.8622,237.2925
ls-large,8,11,1,4,569.4293,42.7868,762.8765
ls-large,8,12,0,4,74.8108,12.8862,489.2296
ls-large,8,13,0,4,70.2330,14.7347,327.6503
ls-large,8,14,1,4,541.9976,42.2400,620.2093
ls-large,8,15,1,4,482.2125,35.6084,1646.4200
ls-large,8,16,0,4,73.6572,10.1760,492.0286
ls-large,8,17,0,4,63.6665,24.4842,363.2829
ls-large,8,18,1,4,482.9937,56.4410,1468.7697
ls-large,8,19,0,4,71.7464,30.8486,171.1192
ls-large,8,20,0,2,29.0363,3.8400,298.8832
ls-large,8,21,1,4,459.7602,23.5520,1579.0195
ls-large,8,22,1,4,559.8320,55.0894,1183.0044
ls-large,8,23,0,4,69.6621,12.7661,390.0564
ls-large,8,24,1,2,165.0612,50.7220,1291.8187
ls-large,8,25,1,4,552.6073,63.8333,986.1633
ls-large,8,26,1,4,593.7552,45.8136,1863.2769
ls-large,8,27,0,4,62.3326,11.0806,490.7214
ls-large,8,28,1,2,292.5979,52.8800,1477.0750
ls-large,8,29,1,4,716.0098,36.4622,935.7430
ls-large,8,30,1,4,534.5232,55.4775,1509.6386
ls-large,8,31,1,4,721.7680,56.3360,745.1709
ls-large,8,32,1,4,704.0355,83.9294,1980.0986
ls-large,8,33,0,4,72.2567,15.2100,244.5442
ls-large,8,34,1,4,464.3054,28.3731,1051.9107
ls-large,8,35,1,2,216.1297,30.0800,1880.6766
ls-large,8,36,1,4,353.7663,46.2614,643.1537
ls-large,8,37,1,4,415.0256,27.7600,1797.5156
ls-large,8,38,1,4,558.5401,63.7475,1480.4633
ls-large,8,39,1,4,464.4905,79.4720,833.4944
ls-large,8,40,0,2,30.0456,7.7450,273.8234
ls-large,8,41,1,4,420.8184,24.8640,649.6642
ls-large,8,42,0,4,70.5343,15.8339,143.6040
ls-large,8,43,1,4,478.1232,36.3040,943.1048
ls-large,8,44,1,4,464.3054,44.4673,1896.8685
ls-large,8,45,1,4,595.1718,33.3440,702.5407
ls-large,8,46,1,4,465.3613,47.7940,1721.5726
ls-large,8,47,1,4,403.9811,54.1600,1802.8334
ls-large,8,48,1,4,472.6915,47.0408,1758.4466
ls-large,8,49,1,4,629.0590,42.4525,1352.7791
ls-large,8,50,1,4,502.6769,41.1840,936.7984
ls-large,8,51,1,4,484.2328,41.1479,1548.4130
ls-large,8,52,1,4,615.0352,33.3590,1173.3724
ls-large,8,53,1,4,563.7854,58.4155,1998.6162
ls-large,8,54,1,4,429.5572,42.7923,1920.1366
ls-large,8,55,1,4,529.3409,62.7169,1047.7765
ls-large,8,56,1,2,232.4875,17.0240,1601.7579
ls-large,8,57,0,4,60.5114,19.2407,293.4377
ls-large,8,58,0,4,66.8150,7.1680,414.3675
ls-large,8,59,1,4,547.6826,42.7966,934.3721
ls-large,8,60,1,4,554.8232,29.7666,1011.5373
ls-large,8,61,1,4,645.1977,59.4746,1205.0456
ls-large,8,62,1,4,451.5732,43.2320,1256.3419
ls-large,8,63,1,4,462.6244,41.7920,721.0105
ls-large,8,64,1,4,483.0579,59.5491,520.9352
ls-large,8,65,1,4,466.9448,20.8960,1606.4064
ls-large,8,66,1,4,508.2403,42.6191,993.6043
ls-large,8,67,0,4,63.0802,6.0480,306.5105
ls-large,8,68,1,4,425.1770,44.7680,1137.6778
ls-large,8,69,0,4,74.3390,11.8400,474.4808
ls-large,8,70,0,4,73.4209,12.4239,496.1730
ls-large,8,71,1,4,582.7986,30.3040,582.7988
ls-large,8,72,1,2,175.1909,25.0621,1692.0207
ls-large,8,73,0,2,30.9583,5.6960,386.2964
ls-large,8,74,1,4,454.3203,28.4720,1839.4970
ls-large,8,75,1,4,679.7958,50.2610,1425.1704
ls-large,8,76,0,4,71.1433,8.8000,322.1071
ls-large,8,77,1,4,570.2026,53.0540,1531.4079
ls-large,8,78,0,4,77.8337,11.1896,364.3383
ls-large,8,79,1,4,595.2112,76.3587,1033.5104
ls-large,8,80,0,4,76.6881,13.1395,264.5151
ls-large,8,81,1,4,597.9904,43.9452,1632.6187
ls-large,8,82,1,4,552.6073,61.8911,1417.1204
ls-large,8,83,1,4,478.6389,44.0709,797.4298
ls-large,8,84,1,2,185.2272,24.7962,1407.9313
ls-large,8,85,1,4,704.0355,65.6240,1755.6814
ls-large,8,86,1,4,669.8227,54.1920,1909.6074
ls-large,8,87,1,2,233.7797,32.8541,1360.5603
ls-large,8,88,1,4,587.2892,32.9840,1349.7267
ls-large,8,89,0,4,67.9037,19.7225,163.7138
ls-large,8,90,0,4,50.1938,11.5309,128.2248
ls-large,8,91,1,4,572.5778,83.0666,927.5340
ls-large,8,92,1,4,425.1770,52.4641,602.3696
ls-large,8,93,1,4,410.2212,32.1386,983.8972
ls-large,8,94,1,4,591.5502,59.9523,1279.8345
ls-large,8,95,1,4,460.2660,39.2271,1165.3300
ls-large,8,96,1,4,372.0166,34.7933,1808.0687
ls-large,8,97,1,4,432.1107,47.2780,1028.6442
ls-large,8,98,1,4,472.4615,42.7322,1677.5252
ls-large,8,99,1,4,373.0145,55.3512,853.2457
ls-large,8,100,1,4,460.0464,47.4560,1936.4652
ls-large,8,101,1,4,391.2838,37.6094,1257.7963
ls-large,8,102,1,4,450.4395,33.7323,1064.8607
ls-large,8,103,0,4,61.9078,13.4111,439.6636
ls-large,8,104,1,4,445.0280,48.6400,1160.4133
ls-large,8,105,1,4,582.7986,72.6673,1001.9269
ls-large,8,106,1,4,502.3711,39.4640,1339.5855
ls-large,8,107,1,4,773.0848,59.8304,1995.0418
ls-large,8,108,1,4,494.9617,59.1660,1907.3648
ls-large,8,109,0,4,67.3255,19.3179,154.9250
ls-large,8,110,1,2,174.4976,26.1167,861.8303
ls-large,8,111,0,4,62.1278,24.7461,112.0174
ls-large,8,112,1,4,477.3634,40.8350,839.3592
ls-large,8,113,1,4,538.0533,36.7680,1788.0496
ls-large,8,114,0,4,71.4782,11.7120,311.1374
ls-large,8,115,1,4,532.4761,37.2953,709.6496
ls-large,8,116,1,4,385.5917,35.3760,1166.2137
ls-large,8,117,1,4,491.6517,43.0400,1045.6515
ls-large,8,118,1,4,331.9782,50.4818,1297.1921
ls-large,8,119,1,4,301.8109,43.5034,522.7137
ls-large,8,120,1,4,483.0771,71.7850,1538.1478
ls-large,8,121,0,4,63.9203,8.7680,409.4320
ls-large,8,122,1,2,190.3912,26.0240,1108.1282
ls-large,8,123,1,4,464.3507,41.5542,1761.4846
ls-large,8,124,1,4,587.3436,121.6773,1403.1289
ls-large,8,125,1,4,453.2517,53.3461,1342.7616
ls-large,8,126,1,4,489.0612,32.5881,1792.6220
ls-large,8,127,1,4,579.4362,47.1870,591.5474
ls-large,8,128,1,4,409.3129,62.1120,1942.2520
ls-large,8,129,0,2,35.2752,3.2640,328.2359
ls-large,8,130,1,4,494.1159,28.0800,941.2543
ls-large,8,131,0,4,72.4968,6.8480,410.4693
ls-large,8,132,1,4,553.9928,52.6662,1020.3665
ls-large,8,133,0,4,69.8564,17.0139,450.7586
ls-large,8,134,0,4,71.9653,9.6320,261.5874
ls-large,8,135,1,4,627.1484,43.1600,1870.1597
ls-large,8,136,0,4,67.9198,27.3691,189.9082
ls-large,8,137,1,4,594.0589,34.6240,962.5944
ls-large,8,138,1,4,507.5850,34.2600,1660.2490
ls-large,8,139,0,4,59.8074,8.9356,346.2323
ls-large,8,140,0,4,66.6034,14.3517,420.2500
ls-large,8,141,0,4,77.4299,20.3340,208.3032
ls-large,8,142,1,4,425.2198,34.3927,606.6616
ls-large,8,143,0,4,74.1903,11.1636,447.4643
ls-large,8,144,1,2,288.7176,21.6800,1692.5206
ls-large,8,145,1,4,721.4642,53.8903,1011.7986
ls-large,8,146,1,4,349.6145,35.4240,1611.1637
ls-large,8,147,0,4,63.6548,12.5838,419.6511
ls-large,8,148,0,2,23.7683,3.9040,278.7226
ls-large,8,149,0,4,55.9084,8.6080,162.3142
ls-large,8,150,1,4,520.6259,46.6577,1956.7164
ls-large,8,151,1,4,322.5475,25.8071,1537.1097
ls-large,8,152,1,4,550.5147,47.8729,764.6047
ls-large,8,153,1,4,268.7065,58.6199,1523.6474
ls-large,8,154,1,4,372.3553,58.0265,736.4136
ls-large,8,155,0,4,71.9907,7.1360,148.1716
ls-large,8,156,0,4,67.0504,8.3520,409.1584
ls-large,8,157,0,4,62.2917,18.6668,485.0623
ls-large,8,158,1,4,312.6412,32.5139,893.1050
ls-large,8,159,0,4,74.6211,8.6400,237.4044
ls-large,8,160,1,2,115.4757,18.5840,947.2021
ls-large,8,161,0,4,57.0171,10.8082,271.5582
ls-large,8,162,1,4,683.8855,80.6112,954.7182
ls-large,8,163,0,4,72.2567,18.0695,414.8918
ls-large,8,164,0,4,69.6071,15.6683,150.5874
ls-large,8,165,1,4,550.5147,63.1656,1249.7378
ls-large,8,166,1,4,370.2812,32.4000,1152.5407
ls-large,8,167,0,4,74.3681,21.5129,204.9551
ls-large,8,168,0,4,68.1428,13.3783,227.0777
ls-large,8,169,0,4,56.1422,8.0960,133.1548
ls-large,8,170,1,4,587.3436,51.4841,1904.6045
ls-large,8,171,0,4,61.6871,16.7389,352.5286
ls-large,8,172,1,4,671.5474,31.4240,1733.2811
ls-large,8,173,0,4,63.3260,16.0167,232.1791
ls-large,8,174,1,4,445.0280,73.7815,834.4102
ls-large,8,175,1,4,257.9354,30.4960,671.6779
ls-large,8,176,0,4,64.6397,11.3280,185.7870
ls-large,8,177,1,4,446.3179,38.0640,1988.4971
ls-large,8,178,1,4,581.6908,80.1220,1359.3684
ls-large,8,179,1,4,504.0641,36.3050,904.1789
ls-large,8,180,1,4,323.1828,22.1440,1034.8084
ls-large,8,181,1,2,229.1616,15.4400,1100.8725
ls-large,8,182,1,4,519.8732,41.9504,710.2619
ls-large,8,183,0,4,75.3867,17.2168,305.2841
ls-large,8,184,1,4,518.6354,39.0719,858.0508
ls-large,8,185,1,4,498.9210,60.0000,874.0223
ls-large,8,186,0,4,66.2896,16.7886,138.6339
ls-large,8,187,0,4,68.4368,19.9979,421.1952
ls-large,8,188,1,4,606.9268,99.7001,1151.0771
ls-large,8,189,1,4,455.3816,54.5280,1832.4115
ls-large,8,190,0,4,68.7962,25.8488,101.8233
ls-large,8,191,0,2,37.5434,5.3440,251.7639
ls-large,8,192,1,4,365.1452,52.6164,1559.6409
ls-large,8,193,0,4,61.6181,21.4925,126.4856
ls-large,8,194,1,4,359.4613,59.6408,1265.0265
ls-large,8,195,1,4,413.8491,36.8800,1209.5219
ls-large,8,196,1,4,439.0300,24.1600,1823.8705
ls-large,8,197,0,4,66.4745,7.2960,423.6472
ls-large,8,198,0,4,75.3867,20.4100,223.9324
ls-large,8,199,0,4,67.6478,22.3671,344.8336
ls-large,8,200,0,4,62.9560,6.8480,126.8562
ls-large,8,201,0,4,76.9351,27.2381,111.6067
ls-large,8,202,1,4,569.4293,79.8907,1952.3120
ls-large,8,203,0,4,59.0932,8.4800,192.4106
ls-large,8,204,1,4,426.0489,29.0539,1736.4024
ls-large,8,205,1,4,506.6883,25.3908,820.3877
ls-large,8,206,1,4,611.1924,43.0829,1622.5829
ls-large,8,207,1,4,324.6773,46.2379,937.5726
ls-large,8,208,0,4,82.7215,22.1543,322.7361
ls-large,8,209,1,4,508.2403,43.1600,1579.0651
ls-large,8,210,0,4,72.4101,10.8480,202.5028
ls-large,8,211,1,4,526.4321,64.3303,717.2915
ls-large,8,212,0,4,61.8580,20.4154,191.8780
ls-large,8,213,1,4,396.8324,46.2091,1765.3973
ls-large,8,214,1,4,519.8732,55.9600,1595.9946
ls-large,8,215,1,4,423.6292,29.1543,559.5488
ls-large,8,216,0,4,61.9246,24.6270,377.3786
ls-large,8,217,1,4,497.4981,39.3684,1092.9719
ls-large,8,218,1,4,535.8651,28.7019,1727.2686
ls-large,8,219,0,4,73.6633,12.1023,303.6899
ls-large,8,220,0,4,65.8954,8.4480,320.1601
ls-large,8,221,1,4,434.6502,48.4457,629.0931
ls-large,8,222,0,2,38.5732,5.0880,478.0247
ls-large,8,223,1,4,421.1972,53.7404,1988.9264
ls-large,8,224,1,4,434.2026,73.4437,1720.3174
ls-large,8,225,0,4,79.9844,20.7333,248.2485
ls-large,8,226,0,4,62.5797,12.8832,172.0150
ls-large,8,227,1,4,497.4378,48.4457,1003.8283
ls-large,8,228,0,4,60.6482,13.9712,396.0312
ls-large,8,229,0,4,61.5812,8.6992,270.1847
ls-large,8,230,1,4,361.6409,50.4641,632.8787
ls-large,8,231,1,4,389.3911,21.3760,1068.5552
ls-large,8,232,0,2,33.7310,11.5663,411.0522
ls-large,8,233,1,2,271.6775,37.4720,764.2195
ls-large,8,234,1,4,437.7437,66.3316,949.2951
ls-large,8,235,0,4,78.3301,10.2400,100.4866
ls-large,8,236,0,4,66.1548,14.1724,412.0908
ls-large,8,237,1,4,555.8195,43.8640,1503.9609
ls-large,8,238,1,2,143.1229,38.3868,1900.8756
ls-large,8,239,1,4,555.8195,89.1920,1781.9778
ls-large,8,240,1,4,652.1908,64.8785,1323.7011
ls-large,8,241,1,4,614.1464,54.8136,815.4721
ls-large,8,242,1,4,687.3495,41.5299,1957.0014
ls-large,8,243,1,2,236.8624,25.5360,1489.7440
ls-large,8,244,1,4,464.3054,51.4114,1069.4474
ls-large,8,245,0,2,29.0131,5.0560,143.4538
ls-large,8,246,1,4,498.5152,37.1585,1375.7839
ls-large,8,247,1,4,629.0590,39.0664,1259.6170
ls-large,8,248,1,4,530.4989,36.4880,1525.5861
ls-large,8,249,1,4,530.9934,49.3505,749.5617
ls-large,8,250,0,4,62.9288,9.4720,212.7622
ls-large,8,251,1,4,605.6801,61.3520,1635.3817
ls-large,8,252,0,4,74.6969,16.9826,326.9520
ls-large,8,253,1,4,538.0533,35.7440,862.3434
ls-large,8,254,0,4,75.8763,17.1853,393.7234
ls-large,8,255,0,4,71.3368,10.3680,461.0005
ls-large,8,256,1,4,410.7045,43.2842,699.4098
ls-large,8,257,0,4,72.5310,16.2708,471.6732
ls-large,8,258,1,4,509.7833,50.2739,563.7382
ls-large,8,259,0,4,71.3040,20.6816,210.8602
ls-large,8,260,1,2,319.4705,14.4320,1756.5964
ls-large,8,261,1,4,568.3980,54.6380,1530.5893
ls-large,8,262,1,4,593.7552,85.4539,593.7556
ls-large,8,263,1,4,427.7962,23.7194,1654.1176
ls-large,8,264,1,4,550.2240,74.2202,1273.7091
ls-large,8,265,0,4,48.7054,6.8160,234.3915
ls-large,8,266,1,4,638.2615,62.3146,1607.4931
ls-large,8,267,0,4,81.8977,22.2452,106.9767
ls-large,8,268,1,4,422.7306,51.0748,701.3523
ls-large,8,269,1,4,458.1554,34.8702,1249.6586
ls-large,8,270,1,4,539.5874,34.6961,1063.3589
ls-large,8,271,1,4,547.3218,41.6000,1830.1817
ls-large,8,272,1,4,549.6460,69.4935,956.7087
ls-large,8,273,1,4,480.1472,39.5288,697.0509
ls-large,8,274,1,4,417.4757,36.0400,602.6788
ls-large,8,275,1,4,504.5270,47.0280,1568.9897
ls-large,8,276,1,2,299.1968,42.8658,1641.1484
ls-large,8,277,1,4,544.9821,80.5314,1813.8814
ls-large,8,279,0,4,78.5010,10.4960,110.6209
ls-large,8,280,1,4,552.2119,40.9469,1880.5294
ls-large,8,281,0,4,81.6027,7.8400,336.4282
ls-large,8,282,1,4,555.7686,70.4269,1533.6797
ls-large,8,283,1,4,487.6586,39.9485,1269.2457
ls-large,8,284,1,4,372.2409,42.2084,638.6241
ls-large,8,285,1,4,659.2089,31.0695,1165.6608
ls-large,8,286,1,4,417.7360,26.6240,1280.9015
ls-large,8,287,0,4,61.2826,17.1945,281.3104
ls-large,8,288,1,4,655.5561,55.1671,1856.4614
ls-large,8,289,1,4,409.1392,52.5815,847.4171
ls-large,8,290,0,4,67.2584,14.9463,459.1799
ls-large,8,291,1,4,549.7915,44.4096,1033.8330
ls-large,8,292,1,4,695.5324,78.0267,1145.3399
ls-large,8,293,1,4,502.3711,41.0955,758.4407
ls-large,8,294,1,4,615.5953,68.5200,1767.4251
ls-large,8,295,1,4,461.3956,31.6400,859.0936
ls-large,8,296,1,2,233.7398,22.9040,1896.9389
ls-large,8,297,0,4,62.5798,7.7760,146.8659
ls-large,8,298,0,4,65.0557,9.1840,242.7807
ls-large,8,299,1,4,310.3431,24.7496,1088.1733
ls-large,8,300,1,4,380.4268,20.6080,1588.5657
ls-large,8,301,1,2,191.7873,24.5840,955.7947
ls-large,8,303,0,4,66.8996,22.2905,137.1178
ls-large,8,304,1,4,671.5474,61.3978,1506.7203
ls-large,8,305,1,2,124.4409,13.9291,555.5785
ls-large,8,306,1,4,529.5188,28.8320,1471.3730
ls-large,8,307,1,4,567.0736,60.9895,1146.8411
ls-large,8,308,0,4,70.1338,13.7917,231.8794
ls-large,8,309,1,4,547.1293,56.6868,1260.2888
ls-large,8,310,1,4,589.8935,97.7195,590.1794
ls-large,8,311,1,4,615.5953,50.1440,780.9815
ls-large,8,312,1,4,569.5075,47.8962,997.3094
ls-large,8,313,1,4,501.1332,64.6480,1945.3031
ls-large,8,316,0,4,67.9724,10.8744,170.6683
ls-large,8,321,0,4,77.8117,14.8971,126.5636
ls-large,8,322,1,4,606.9268,62.5479,1018.7139
ls-large,8,325,1,4,479.1587,32.0170,1060.0476
ls-large,8,327,0,4,76.5891,33.6934,406.2985
ls-large,8,328,0,4,59.3833,12.7346,122.3165
ls-large,8,329,0,4,61.1391,13.0291,437.2125
ls-large,8,330,1,4,319.1013,45.3672,1585.0471
ls-large,8,334,0,4,63.1408,10.2080,451.3106
ls-large,8,344,1,2,323.2398,22.8163,769.1525
ls-large,8,346,1,4,615.0352,42.3565,1451.9500
ls-large,8,349,1,2,215.0019,18.8013,1314.3219
ls-large,8,356,1,2,261.3253,46.1090,1017.9781
ls-large,8,359,1,4,602.6795,59.1040,720.8983
ls-large,8,360,0,4,73.1225,17.4426,198.6347
ls-large,8,362,0,4,87.2926,17.3719,182.4399
ls-large,8,365,1,4,506.1287,27.2960,989.0530
ls-large,8,367,1,4,553.1454,65.3817,937.4359
ls-large,8,374,1,4,544.0357,71.0400,1388.1430
ls-large,8,375,1,4,670.7498,59.3745,1083.2136
ls-large,8,376,1,4,651.8727,34.3103,660.6767
ls-large,8,382,1,4,394.2086,40.3636,837.0953
ls-large,8,384,1,4,365.8722,36.4160,754.5078
ls-large,8,390,1,4,447.6159,34.6824,1849.0131
ls-large,8,394,1,4,451.5439,56.4800,1353.7019
ls-large,8,405,1,2,318.9911,22.3294,1354.1979
ls-large,8,406,1,4,422.9622,48.0028,931.2006
ls-large,8,412,1,4,514.1077,24.7360,1802.2906
ls-large,8,413,1,4,366.1562,32.8000,1049.0619
ls-large,8,414,1,4,390.4895,50.7599,1425.3067
ls-large,8,418,1,4,635.2324,56.7432,1094.2636
ls-large,8,421,1,4,436.4007,46.7507,602.2070
ls-large,8,423,1,4,470.9507,59.0561,843.0203
ls-large,8,426,0,4,63.5085,7.2000,371.7538
ls-large,8,429,0,2,31.8114,4.7684,226.8625
ls-large,8,434,0,4,69.0206,11.1538,284.3548
ls-large,8,440,0,4,74.1540,33.1101,279.5787
ls-large,8,441,1,4,359.5082,26.6240,500.1446
ls-large,8,446,0,4,76.3991,10.2400,175.9460
ls-large,8,455,1,4,350.7798,38.7797,1160.1955
ls-large,8,462,0,4,74.0644,21.1195,293.0383
ls-large,8,471,0,2,36.3898,3.4240,252.4347
ls-large,8,515,1,4,421.3258,54.1376,745.5507
ls-large,8,591,0,4,63.4878,13.2603,229.8810
ls-large,8,932,0,2,40.0463,19.4539,424.1176
ls-large,8,955,1,2,323.2398,20.2714,936.2404
ls-large,9,0,1,4,350.9382,27.9178,1007.4883
ls-large,9,1,0,4,70.2679,10.5600,391.2769
ls-large,9,2,1,4,439.3556,40.5900,857.0183
ls-large,9,3,1,2,196.6864,36.7040,1684.3924
ls-large,9,4,0,4,59.6291,13.4664,455.8304
ls-large,9,5,1,4,510.4467,76.7604,1563.2011
ls-large,9,6,0,4,74.5285,9.1200,109.3933
ls-large,9,7,1,4,488.3300,35.4323,1842.9552
ls-large,9,8,0,4,65.7443,6.7200,300.3214
ls-large,9,9,1,4,486.6979,58.2476,1097.2022
ls-large,9,10,0,4,71.3830,19.3781,121.6693
ls-large,9,11,1,2,362.6245,22.2080,682.0034
ls-large,9,12,0,4,77.7761,11.6389,438.2663
ls-large,9,13,1,4,549.5953,67.7440,664.9489
ls-large,9,14,1,4,465.0638,41.5787,1068.4164
ls-large,9,15,0,4,64.5436,9.7768,277.6058
ls-large,9,16,1,4,520.4303,37.4704,538.0866
ls-large,9,17,1,4,547.9203,46.7535,1137.5105
ls-large,9,18,1,4,514.5242,49.2240,708.7036
ls-large,9,19,1,4,516.8743,52.1337,575.7556
ls-large,9,20,1,4,380.8253,30.9509,573.2396
ls-large,9,21,1,4,440.7162,38.3019,927.5156
ls-large,9,22,0,4,53.7267,6.7520,378.3953
ls-large,9,23,1,4,280.6556,43.0400,1494.7825
ls-large,9,24,1,4,689.3142,54.6599,1884.7838
ls-large,9,25,0,4,82.0382,22.5122,412.0596
ls-large,9,26,0,4,70.8511,9.9200,133.2786
ls-large,9,27,1,4,584.7765,77.2681,1371.5252
ls-large,9,28,1,4,514.3367,59.3869,596.4791
ls-large,9,29,0,4,79.3098,22.0895,124.1787
ls-large,9,30,0,4,60.9023,11.0631,248.4922
ls-large,9,31,1,2,194.0057,17.2173,1419.9109
ls-large,9,32,0,4,70.4148,21.0711,133.7652
ls-large,9,33,1,4,395.9339,51.9927,1555.3168
ls-large,9,34,0,4,61.8738,18.9236,481.6158
ls-large,9,35,1,4,616.9438,35.6480,1839.0330
ls-large,9,36,1,4,434.4565,35.1564,665.9095
ls-large,9,37,1,4,551.8111,95.4320,655.4302
ls-large,9,38,1,4,482.3329,26.5600,854.2297
ls-large,9,39,1,4,461.8994,34.4057,1915.8529
ls-large,9,40,1,4,567.0777,41.0800,1213.3669
ls-large,9,41,1,4,688.5757,99.5479,698.3450
ls-large,9,42,1,4,563.7243,45.7600,1814.8632
ls-large,9,43,0,4,66.7516,36.7173,341.6682
ls-large,9,44,1,4,489.9957,63.4080,813.3986
ls-large,9,45,1,2,154.3532,29.0000,1077.5344
ls-large,9,46,0,4,59.6945,30.7162,317.5526
ls-large,9,47,1,2,195.6359,20.7840,1006.7698
ls-large,9,48,1,4,456.8024,50.8160,1545.5113
ls-large,9,49,0,4,72.4916,10.5600,190.9394
ls-large,9,50,1,4,450.9525,45.1493,1876.5005
ls-large,9,51,0,4,73.2197,23.2286,159.6447
ls-large,9,52,1,4,486.7535,57.7280,1084.1273
ls-large,9,53,1,4,569.8685,65.0175,1920.7282
ls-large,9,54,1,4,324.3564,44.8291,1356.1582
ls-large,9,55,1,4,330.4375,24.8000,1283.8162
ls-large,9,56,0,4,64.0926,7.2000,291.5236
ls-large,9,57,1,2,303.9018,22.8993,1318.1165
ls-large,9,58,1,4,614.0931,71.4862,701.8252
ls-large,9,59,0,4,65.1499,24.3861,435.6645
ls-large,9,60,0,4,67.1159,12.2696,298.4818
ls-large,9,61,1,4,404.0823,43.0018,1448.2186
ls-large,9,62,0,4,61.4721,7.3920,456.3778
ls-large,9,63,1,2,311.5136,25.8720,1899.2998
ls-large,9,64,1,4,510.1914,62.2820,584.7383
ls-large,9,65,1,4,534.2445,31.0720,995.3749
ls-large,9,66,0,4,78.0619,8.0320,485.8407
ls-large,9,67,0,4,63.6364,11.0700,354.8309
ls-large,9,68,1,4,549.5953,91.0570,549.5959
ls-large,9,69,0,4,72.8760,15.0683,434.4211
ls-large,9,70,1,4,486.8445,58.6880,1060.7180
ls-large,9,71,0,4,57.3899,16.3456,358.6884
ls-large,9,72,1,4,271.4864,33.6664,797.0324
ls-large,9,73,1,4,325.8651,49.0399,1503.1055
ls-large,9,74,1,4,367.2381,63.1023,1339.3372
ls-large,9,75,1,4,273.0712,29.7720,570.3417
ls-large,9,76,1,4,449.0195,54.4240,1029.5047
ls-large,9,77,1,4,480.6696,43.2000,588.6863
ls-large,9,78,1,4,575.7312,58.6400,1553.9545
ls-large,9,79,1,4,422.3644,46.3004,741.7921
ls-large,9,80,0,4,62.0881,13.7618,419.0777
ls-large,9,81,1,4,532.2801,37.6717,1731.2667
ls-large,9,82,0,4,75.2446,9.7280,497.4458
ls-large,9,83,1,4,398.4531,43.4587,1698.1419
ls-large,9,84,1,4,459.7942,36.0839,1085.1701
ls-large,9,85,1,4,578.2167,53.1656,863.1393
ls-large,9,86,0,4,72.5352,10.7520,276.2299
ls-large,9,87,1,4,270.1979,66.0531,1290.2433
ls-large,9,88,1,4,546.1892,41.2019,957.7103
ls-large,9,89,1,4,471.5280,47.2365,587.6662
ls-large,9,90,1,2,325.0538,27.3360,611.2958
ls-large,9,91,1,4,468.8863,64.9407,1546.0240
ls-large,9,92,1,2,264.0150,28.1840,1156.9393
ls-large,9,93,1,4,599.2579,38.6560,913.2671
ls-large,9,94,1,4,399.8269,65.6960,1659.1299
ls-large,9,95,1,4,270.0706,37.0400,622.9690
ls-large,9,96,1,4,502.7563,80.3745,1692.1096
ls-large,9,97,1,4,345.7405,26.8400,848.9993
ls-large,9,98,1,4,358.4694,41.1476,1747.3157
ls-large,9,99,0,4,61.5551,8.7271,103.5529
ls-large,9,100,1,4,478.3523,53.4542,899.3082
ls-large,9,101,1,2,331.5256,48.6248,1444.0353
ls-large,9,102,0,4,70.2771,16.7752,297.2103
ls-large,9,103,1,4,576.2360,69.7851,868.1002
ls-large,9,104,0,4,63.9475,15.7118,400.6862
ls-large,9,105,0,4,65.1169,15.8142,423.3975
ls-large,9,106,1,4,332.7956,55.8869,831.1204
ls-large,9,107,1,4,373.7121,42.1615,627.4344
ls-large,9,108,1,4,410.9360,47.1600,1316.0790
ls-large,9,109,0,4,72.7953,17.3944,247.2517
ls-large,9,110,0,4,54.6934,12.4019,110.5547
ls-large,9,111,1,4,575.7312,33.3811,1440.2989
ls-large,9,112,1,4,450.9783,57.3558,611.2241
ls-large,9,113,0,4,59.5240,11.4299,290.7501
ls-large,9,114,1,4,562.2381,76.2837,1471.0288
ls-large,9,115,1,4,504.9660,68.4951,1916.2018
ls-large,9,116,0,4,64.5284,8.8000,397.1176
ls-large,9,117,0,4,63.8982,9.3120,390.2560
ls-large,9,118,1,2,284.8872,57.7298,1708.7406
ls-large,9,119,0,4,72.7440,19.1765,137.1113
ls-large,9,120,1,4,535.3983,52.7396,1388.2987
ls-large,9,121,1,4,368.2595,45.1520,587.4833
ls-large,9,122,1,4,403.0858,54.6671,1896.1441
ls-large,9,123,0,4,62.2334,23.7698,101.9665
ls-large,9,124,0,4,67.7927,15.7264,313.1692
ls-large,9,125,1,4,688.5757,46.9863,1205.2735
ls-large,9,126,0,4,64.6634,24.7544,279.1831
ls-large,9,127,1,4,572.8095,100.0131,1197.2907
ls-large,9,128,0,4,69.5253,19.4949,305.3301
ls-large,9,129,1,4,562.6164,48.1186,1918.6031
ls-large,9,130,0,4,67.7999,9.2800,241.0038
ls-large,9,131,1,4,548.3122,72.7081,1586.1639
ls-large,9,132,1,4,601.2638,42.9664,1569.7728
ls-large,9,133,1,4,480.9625,49.3143,583.1249
ls-large,9,134,1,4,371.5851,32.0229,576.6425
ls-large,9,135,1,4,491.4542,45.2268,1130.7113
ls-large,9,136,0,4,75.4205,8.0640,446.6974
ls-large,9,137,0,4,61.3362,9.0240,242.7838
ls-large,9,138,1,4,685.6209,70.5112,1480.9852
ls-large,9,139,1,4,552.3648,93.1454,1995.0270
ls-large,9,140,1,4,415.6821,38.2400,1495.0307
ls-large,9,141,1,4,421.6893,37.3526,1912.7585
ls-large,9,142,1,4,374.1592,30.1120,1081.5925
ls-large,9,143,1,4,403.4093,32.1280,1656.8628
ls-large,9,144,1,2,198.4790,15.5360,1675.8402
ls-large,9,145,0,4,82.7920,8.8640,329.3372
ls-large,9,146,1,4,498.1294,33.8460,1250.0343
ls-large,9,147,1,2,301.2202,40.1889,1640.3391
ls-large,9,148,1,4,510.3213,37.8060,579.2607
ls-large,9,149,1,2,321.4712,23.0880,773.4765
ls-large,9,150,1,4,415.0745,32.6355,957.6607
ls-large,9,151,1,4,539.0348,52.2125,828.9766
ls-large,9,152,1,4,565.1337,43.0400,1772.1917
ls-large,9,153,0,4,65.0852,10.2400,368.8901
ls-large,9,154,1,4,561.5774,44.7979,660.2789
ls-large,9,155,1,4,434.3792,36.2145,1899.2313
ls-large,9,156,1,4,619.4998,78.0204,1607.7314
ls-large,9,157,0,4,68.5485,12.3779,280.7961
ls-large,9,158,1,4,685.6209,87.8062,1154.1519
ls-large,9,159,0,4,66.1957,11.8674,226.2826
ls-large,9,160,1,4,550.7677,30.1231,1862.3904
ls-large,9,161,0,4,75.4759,20.4112,363.1435
ls-large,9,162,1,4,394.1518,25.7872,789.6446
ls-large,9,163,0,4,70.1241,15.1893,381.7009
ls-large,9,164,1,4,352.1462,24.9511,997.2815
ls-large,9,165,1,4,619.7238,52.5170,732.1513
ls-large,9,166,1,4,402.4610,36.2699,893.5061
ls-large,9,167,1,4,385.5221,30.8760,1142.5775
ls-large,9,168,1,4,617.6757,65.9053,1652.2332
ls-large,9,169,0,2,31.1357,5.3440,334.9118
ls-large,9,170,1,2,164.4843,23.0170,1242.1258
ls-large,9,171,1,4,467.0928,49.2929,1457.4052
ls-large,9,172,1,4,514.8426,36.3520,718.9967
ls-large,9,173,0,4,64.2282,20.0435,358.9884
ls-large,9,174,1,4,551.5576,49.5319,721.6650
ls-large,9,175,1,4,432.5134,36.7680,1577.0571
ls-large,9,176,1,4,511.7892,46.8800,511.7894
ls-large,9,177,0,4,63.9396,10.6560,113.1551
ls-large,9,178,1,4,578.6943,74.6656,610.6659
ls-large,9,179,0,4,69.5090,6.6240,381.7832
ls-large,9,180,0,4,65.6668,18.7521,359.0850
ls-large,9,181,1,4,313.4526,38.1600,1252.8861
ls-large,9,182,1,4,485.8263,51.6606,907.0357
ls-large,9,183,1,4,479.5295,34.3561,640.7008
ls-large,9,184,0,4,84.3577,10.7520,106.5702
ls-large,9,185,0,4,70.7614,11.3920,274.9932
ls-large,9,186,0,4,57.4289,10.1760,490.5532
ls-large,9,187,1,4,429.5791,69.2641,1972.9419
ls-large,9,188,0,4,81.8181,10.9120,262.4331
ls-large,9,189,1,4,593.5494,48.5950,1173.2081
ls-large,9,190,1,4,471.2908,39.8726,557.5768
ls-large,9,191,1,4,598.7124,34.3040,1938.4466
ls-large,9,192,1,4,528.1333,36.5276,1005.3510
ls-large,9,193,1,4,416.5228,28.9200,1098.3034
ls-large,9,194,1,4,386.3368,56.2800,1778.9790
ls-large,9,195,1,4,367.4752,37.1920,772.5981
ls-large,9,196,0,4,61.7218,6.9120,356.1608
ls-large,9,197,1,4,433.3266,56.0400,1324.1367
ls-large,9,198,0,4,72.4916,9.5040,263.4879
ls-large,9,199,1,4,552.1926,65.6216,1609.9877
ls-large,9,200,0,4,72.1363,9.3440,451.5128
ls-large,9,201,0,4,70.6935,6.5920,366.9929
ls-large,9,202,0,4,71.3436,12.1600,271.0634
ls-large,9,203,1,2,221.6822,47.4808,1255.0219
ls-large,9,204,0,4,84.3577,32.6806,220.5362
ls-large,9,205,1,2,168.4074,37.8855,1073.0733
ls-large,9,206,1,4,346.6663,53.5923,1153.4002
ls-large,9,207,0,4,67.1491,21.8795,461.9198
ls-large,9,208,0,2,31.5468,5.3440,412.7107
ls-large,9,209,1,4,330.4375,32.2880,1851.9689
ls-large,9,210,1,4,411.5674,34.8000,1723.5422
ls-large,9,211,1,4,559.4677,46.8000,874.9980
ls-large,9,212,1,4,455.3014,30.7606,1994.9399
ls-large,9,213,1,4,341.9476,53.3071,1812.4735
ls-large,9,214,1,4,347.8526,44.4828,631.8930
ls-large,9,215,1,4,371.5740,35.2960,647.7869
ls-large,9,216,1,4,326.2824,43.5297,1363.4805
ls-large,9,217,0,4,71.9392,12.7630,321.6774
ls-large,9,218,1,4,338.0670,62.4456,1671.2544
ls-large,9,219,1,4,483.0061,45.7218,914.0415
ls-large,9,220,1,4,526.3832,35.4560,821.5969
ls-large,9,221,1,4,527.5894,63.1360,1547.3515
ls-large,9,222,1,4,555.7409,59.3114,737.5169
ls-large,9,223,1,2,203.4137,15.8960,1168.1411
ls-large,9,224,1,2,232.2248,33.1890,1150.2203
ls-large,9,225,1,4,430.0522,26.2880,754.8564
ls-large,9,226,1,4,409.8420,43.4187,632.8426
ls-large,9,227,1,2,139.7069,22.8480,1854.8429
ls-large,9,228,1,4,586.9607,67.2872,738.7499
ls-large,9,229,0,4,72.1176,12.4977,240.8361
ls-large,9,230,0,4,67.4390,14.9696,443.0930
ls-large,9,231,1,4,526.3556,55.9600,526.4445
ls-large,9,232,1,4,411.6976,52.4651,712.3121
ls-large,9,233,1,4,441.6712,52.7141,1472.0248
ls-large,9,234,1,4,417.4593,32.5677,1334.0135
ls-large,9,235,0,4,66.5711,10.7396,191.5193
ls-large,9,236,0,4,70.0425,12.0897,245.3776
ls-large,9,237,0,4,70.0425,12.5308,398.6465
ls-large,9,238,1,4,444.7216,35.9020,666.2785
ls-large,9,239,1,4,527.6142,90.2910,1212.7603
ls-large,9,240,1,4,579.3944,63.5497,1570.5318
ls-large,9,241,1,4,453.7227,72.0541,1764.5274
ls-large,9,242,1,4,543.6984,38.8400,599.3926
ls-large,9,243,1,4,450.2299,20.1280,1284.7278
ls-large,9,244,0,2,30.2906,3.6640,174.9635
ls-large,9,245,1,4,554.6212,63.2642,1338.8910
ls-large,9,246,1,4,439.7497,45.2090,1301.7796
ls-large,9,247,0,4,64.9310,22.3788,294.7167
ls-large,9,248,0,4,60.0133,17.0661,211.2932
ls-large,9,249,1,4,567.0777,63.6617,1316.8841
ls-large,9,250,1,4,542.6344,83.4328,1312.1934
ls-large,9,251,1,4,504.6385,65.7120,1008.3869
ls-large,9,252,1,4,418.2256,41.8880,1078.0439
ls-large,9,253,0,2,29.5008,5.3310,219.6405
ls-large,9,254,1,4,447.8372,52.6654,1623.0411
ls-large,9,255,1,2,325.5848,28.4250,1129.5458
ls-large,9,256,0,4,61.1673,7.4560,497.8236
ls-large,9,257,1,4,499.7533,46.7200,585.8338
ls-large,9,258,1,2,170.1525,19.8720,1071.9968
ls-large,9,259,1,2,146.1700,15.2000,1954.8977
ls-large,9,260,1,4,690.1742,78.5608,1998.0264
ls-large,9,261,0,2,36.4992,16.3043,421.7391
ls-large,9,262,1,4,541.9221,67.5040,1728.7261
ls-large,9,263,1,4,371.2460,30.4436,692.9006
ls-large,9,264,0,4,63.2916,6.7995,336.5343
ls-large,9,265,1,4,449.0098,48.0640,1771.8891
ls-large,9,267,1,4,487.8966,60.8790,675.0537
ls-large,9,268,1,4,640.2377,45.4000,1746.8651
ls-large,9,269,0,4,72.4005,6.3040,363.7062
ls-large,9,270,0,4,56.8203,9.3051,252.0275
ls-large,9,271,1,4,431.4932,41.1594,976.9920
ls-large,9,273,1,4,528.2124,43.0400,1666.4577
ls-large,9,274,1,4,671.7867,38.3600,1367.3691
ls-large,9,275,1,4,526.4939,44.1920,1129.8424
ls-large,9,276,1,4,524.6882,68.8068,891.4112
ls-large,9,277,1,4,547.5314,62.4135,971.1447
ls-large,9,278,0,2,41.8753,14.9715,431.2913
ls-large,9,279,1,4,671.7867,42.7968,1673.0720
ls-large,9,280,1,4,376.9832,57.2800,1131.7755
ls-large,9,281,0,2,36.4992,6.3535,235.4515
ls-large,9,282,0,4,84.7978,11.3920,127.3439
ls-large,9,283,1,4,321.8306,43.0172,1241.8363
ls-large,9,284,1,4,283.7040,31.6160,771.5767
ls-large,9,285,1,4,547.9720,35.0280,554.9760
ls-large,9,286,1,4,709.1014,47.3349,1090.1739
ls-large,9,287,1,4,541.7742,53.9854,1788.8303
ls-large,9,288,1,4,456.9233,42.4640,1223.1507
ls-large,9,289,0,4,65.6015,9.7919,470.6781
ls-large,9,290,1,4,563.7243,38.9014,959.0155
ls-large,9,291,1,4,417.3649,53.7840,1569.4557
ls-large,9,292,1,4,491.3620,61.0101,627.9806
ls-large,9,293,1,4,451.5068,40.9450,967.5514
ls-large,9,294,0,4,69.5253,8.5120,245.4584
ls-large,9,295,0,4,68.0681,16.7657,464.9070
ls-large,9,296,1,4,435.9647,47.9736,1668.5534
ls-large,9,297,1,2,276.0688,22.9520,1274.9064
ls-large,9,298,1,2,175.5406,21.2800,519.3947
ls-large,9,299,1,4,575.7312,22.8480,1159.8781
ls-large,9,300,1,2,259.8666,19.5181,1810.4046
ls-large,9,301,1,4,543.8761,44.4320,1877.4005
ls-large,9,302,1,4,401.2718,76.6551,1632.8239
ls-large,9,303,1,4,510.6422,72.8724,1792.6970
ls-large,9,304,0,4,68.6837,40.0365,482.0599
ls-large,9,305,1,4,417.3649,35.7760,1614.6167
ls-large,9,310,1,2,269.6939,26.2366,1521.5923
ls-large,9,313,1,2,202.7967,35.7710,1529.8543
ls-large,9,314,1,4,432.5480,25.4000,1636.9695
ls-large,9,316,0,4,72.1667,31.4853,443.6502
ls-large,9,318,1,4,432.5480,29.7200,1707.0221
ls-large,9,319,0,4,61.6865,18.1601,172.1817
ls-large,9,323,1,4,671.7867,52.4911,1056.2681
ls-large,9,324,1,4,516.1566,34.7603,1888.3543
ls-large,9,326,0,4,67.5962,8.3200,114.3428
ls-large,9,331,0,4,63.1697,8.9280,341.1278
ls-large,9,334,1,2,202.8037,20.2240,600.6229
ls-large,9,335,1,4,337.2342,52.4000,1225.6308
ls-large,9,338,1,4,435.2208,34.4375,1362.3406
ls-large,9,343,1,4,326.5230,28.4062,1078.3660
ls-large,9,345,0,4,61.0297,15.6634,109.0037
ls-large,9,350,1,4,663.8997,34.4640,1685.0570
ls-large,9,351,1,4,469.7368,37.1200,1080.6981
ls-large,9,353,1,2,218.4597,21.3274,1813.4924
ls-large,9,355,0,4,60.2958,8.0960,401.6729
ls-large,9,356,1,4,501.4173,24.1280,927.4399
ls-large,9,367,0,4,64.6528,15.3115,495.1486
ls-large,9,369,0,2,33.7512,5.2640,472.4746
ls-large,9,382,1,4,268.5485,53.1751,533.4668
ls-large,9,398,1,4,724.0144,66.2525,852.4832
ls-large,9,409,1,2,234.3406,28.6971,533.3264
ls-large,9,410,1,4,598.7124,51.2181,1063.2502
ls-large,9,433,0,4,60.4653,11.2320,388.6404
ls-large,9,441,1,4,514.1665,53.6431,1670.0573
ls-large,9,444,0,4,65.1248,18.2266,191.0794
ls-large,9,449,0,2,34.2223,8.1986,152.1354
ls-large,9,483,0,2,33.1284,11.8919,410.5648
ls-large,9,484,1,2,297.0838,25.3658,1458.4165
ls-large,9,489,0,4,70.6942,17.8603,172.0906
ls-large,9,491,0,2,41.8753,5.3920,402.1538
ls-large,9,500,1,2,273.6842,35.4709,1324.0197
ls-large,9,507,1,2,301.6542,29.5025,1670.9271
ls-large,9,519,1,4,564.2441,66.5166,1676.8670
ls-large,9,526,1,2,337.5976,50.0240,580.2236
ls-large,9,586,0,2,37.5756,4.0640,151.6968
ls-large,9,610,1,4,442.1854,31.6272,1812.8038
ls-large,9,632,1,2,297.0838,36.0320,557.6832
ls-large,9,634,0,4,74.9339,10.5600,291.9155
ls-large,9,761,1,4,640.1061,59.0240,1855.2171
ls-large,9,793,1,2,322.3360,35.0138,1959.4658
ls-large,9,824,1,4,576.2360,30.3719,1070.2989
ls-large,9,919,0,4,66.6340,37.5307,234.0881
ls-large,9,927,1,2,301.6542,22.1064,1176.0350
